hour,id,Equalityweight,ProductivityWeight,UtilityWeight,NeedsWeight,SupplyAndDemandWeight
0, 054ca7e0-c414-412e-b0de-0f0af8c0b19b, 6 ,6 ,6 ,6 ,6
0, 38c6bbfd-8efb-4659-8b7a-6e72aa4e8a7a, 6 ,6 ,6 ,6 ,6
0, 0aac9270-3e2c-4090-a23c-cc58f5ea76c7, 6 ,6 ,6 ,6 ,6
0, 2a23d4a9-118c-4fdd-aa10-2e3823955cb7, 6 ,6 ,6 ,6 ,6
0, 3e493a00-9b8b-4661-b46a-8ba0c13fa7d8, 6 ,6 ,6 ,6 ,6
0, 64d62df6-7291-4908-bf96-a8c956141c82, 6 ,6 ,6 ,6 ,6
0, 5b6297da-29c9-4498-a164-9d0a4c8b0ec5, 6 ,6 ,6 ,6 ,6
0, 3b87a67b-a801-408e-a611-762af5877b59, 6 ,6 ,6 ,6 ,6
0, d687ff17-c3d4-4bfb-8a87-6661d6c5d9c8, 6 ,6 ,6 ,6 ,6
0, 0c064720-5951-4125-86a6-f26d00516dd3, 6 ,6 ,6 ,6 ,6
0, c1d152f3-971f-4610-817b-aa550944f0bb, 6 ,6 ,6 ,6 ,6
0, a16cee66-d6a4-4bf8-ba6a-cdc02860a2f4, 6 ,6 ,6 ,6 ,6
0, f1bfa2ef-48d4-40a8-827a-804255730912, 6 ,6 ,6 ,6 ,6
0, 5d1ef66a-6057-4c80-bc95-ad8c51c37f09, 6 ,6 ,6 ,6 ,6
0, 03c8480b-7a96-4764-8ac7-8d98171b6954, 6 ,6 ,6 ,6 ,6
0, 03da4ebd-f910-46e0-bd94-f8921a296a32, 6 ,6 ,6 ,6 ,6
0, c2f7f20d-1dfa-48ff-b8fa-5fd688462600, 6 ,6 ,6 ,6 ,6
0, a5bab240-99d2-4f53-9c25-0498778cd231, 6 ,6 ,6 ,6 ,6
0, 3c68a596-3e54-4cdc-a287-9d2944f51ab6, 6 ,6 ,6 ,6 ,6
0, d9d5cea5-26b5-43d9-8098-9a96fa3330cd, 6 ,6 ,6 ,6 ,6
0, 2b9baa09-680b-498c-a3c7-6e4588d65ec0, 6 ,6 ,6 ,6 ,6
0, 46225928-5342-4151-a7bb-4f6434e90002, 6 ,6 ,6 ,6 ,6
0, b126098b-7d9b-41f4-b0a7-54d3b59bf550, 6 ,6 ,6 ,6 ,6
0, 22ceaaac-4ac6-4a55-8295-b0f193601a7a, 6 ,6 ,6 ,6 ,6
0, d18b6fd7-ffa2-4c5e-b7d9-9661f6abfc9a, 6 ,6 ,6 ,6 ,6
1, c2f7f20d-1dfa-48ff-b8fa-5fd688462600, 5 ,4 ,3 ,5 ,5
1, a5bab240-99d2-4f53-9c25-0498778cd231, 2 ,4 ,2 ,2 ,3
1, d9d5cea5-26b5-43d9-8098-9a96fa3330cd, 3 ,5 ,4 ,3 ,3
1, 3e493a00-9b8b-4661-b46a-8ba0c13fa7d8, 1 ,2 ,2 ,1 ,3
1, 22ceaaac-4ac6-4a55-8295-b0f193601a7a, 5 ,1 ,1 ,5 ,4
1, 38c6bbfd-8efb-4659-8b7a-6e72aa4e8a7a, 1 ,5 ,4 ,1 ,3
1, b126098b-7d9b-41f4-b0a7-54d3b59bf550, 3 ,2 ,5 ,3 ,4
1, f1bfa2ef-48d4-40a8-827a-804255730912, 4 ,5 ,4 ,4 ,5
1, d18b6fd7-ffa2-4c5e-b7d9-9661f6abfc9a, 4 ,5 ,4 ,4 ,5
1, 0c064720-5951-4125-86a6-f26d00516dd3, 5 ,3 ,5 ,5 ,4
1, 5b6297da-29c9-4498-a164-9d0a4c8b0ec5, 3 ,2 ,3 ,3 ,3
1, 03c8480b-7a96-4764-8ac7-8d98171b6954, 2 ,3 ,2 ,2 ,3
1, 3b87a67b-a801-408e-a611-762af5877b59, 1 ,5 ,2 ,1 ,5
1, 3c68a596-3e54-4cdc-a287-9d2944f51ab6, 3 ,3 ,5 ,3 ,3
1, 2a23d4a9-118c-4fdd-aa10-2e3823955cb7, 5 ,4 ,3 ,5 ,3
1, d687ff17-c3d4-4bfb-8a87-6661d6c5d9c8, 2 ,3 ,4 ,2 ,3
1, 2b9baa09-680b-498c-a3c7-6e4588d65ec0, 5 ,1 ,4 ,5 ,5
1, 5d1ef66a-6057-4c80-bc95-ad8c51c37f09, 2 ,4 ,4 ,2 ,3
1, 0aac9270-3e2c-4090-a23c-cc58f5ea76c7, 4 ,4 ,1 ,4 ,4
1, a16cee66-d6a4-4bf8-ba6a-cdc02860a2f4, 4 ,3 ,2 ,4 ,4
1, 054ca7e0-c414-412e-b0de-0f0af8c0b19b, 1 ,2 ,5 ,1 ,3
1, 03da4ebd-f910-46e0-bd94-f8921a296a32, 3 ,3 ,5 ,3 ,3
1, c1d152f3-971f-4610-817b-aa550944f0bb, 2 ,1 ,2 ,2 ,3
1, 46225928-5342-4151-a7bb-4f6434e90002, 4 ,5 ,5 ,4 ,3
1, 64d62df6-7291-4908-bf96-a8c956141c82, 1 ,5 ,4 ,1 ,3
2, a16cee66-d6a4-4bf8-ba6a-cdc02860a2f4, 3 ,2 ,4 ,5 ,4
2, 3c68a596-3e54-4cdc-a287-9d2944f51ab6, 2 ,3 ,4 ,5 ,3
2, 5b6297da-29c9-4498-a164-9d0a4c8b0ec5, 4 ,2 ,2 ,3 ,3
2, d9d5cea5-26b5-43d9-8098-9a96fa3330cd, 2 ,5 ,4 ,4 ,3
2, 3e493a00-9b8b-4661-b46a-8ba0c13fa7d8, 5 ,2 ,2 ,4 ,3
2, 64d62df6-7291-4908-bf96-a8c956141c82, 4 ,5 ,1 ,4 ,3
2, c1d152f3-971f-4610-817b-aa550944f0bb, 5 ,1 ,4 ,2 ,3
2, f1bfa2ef-48d4-40a8-827a-804255730912, 1 ,5 ,3 ,4 ,5
2, 22ceaaac-4ac6-4a55-8295-b0f193601a7a, 3 ,1 ,3 ,3 ,4
2, 054ca7e0-c414-412e-b0de-0f0af8c0b19b, 5 ,2 ,5 ,2 ,3
2, d18b6fd7-ffa2-4c5e-b7d9-9661f6abfc9a, 1 ,5 ,5 ,1 ,5
2, 03da4ebd-f910-46e0-bd94-f8921a296a32, 2 ,3 ,5 ,3 ,3
2, 0aac9270-3e2c-4090-a23c-cc58f5ea76c7, 3 ,3 ,1 ,5 ,4
2, 2a23d4a9-118c-4fdd-aa10-2e3823955cb7, 2 ,2 ,3 ,5 ,3
2, b126098b-7d9b-41f4-b0a7-54d3b59bf550, 3 ,3 ,4 ,2 ,4
2, 03c8480b-7a96-4764-8ac7-8d98171b6954, 5 ,2 ,2 ,2 ,3
2, 46225928-5342-4151-a7bb-4f6434e90002, 2 ,5 ,4 ,5 ,3
2, a5bab240-99d2-4f53-9c25-0498778cd231, 4 ,4 ,1 ,3 ,3
2, 0c064720-5951-4125-86a6-f26d00516dd3, 1 ,3 ,5 ,4 ,5
2, 2b9baa09-680b-498c-a3c7-6e4588d65ec0, 1 ,1 ,2 ,1 ,5
2, 38c6bbfd-8efb-4659-8b7a-6e72aa4e8a7a, 4 ,4 ,1 ,2 ,3
2, 5d1ef66a-6057-4c80-bc95-ad8c51c37f09, 4 ,4 ,4 ,3 ,3
2, c2f7f20d-1dfa-48ff-b8fa-5fd688462600, 1 ,4 ,4 ,1 ,5
2, 3b87a67b-a801-408e-a611-762af5877b59, 3 ,5 ,1 ,1 ,4
2, d687ff17-c3d4-4bfb-8a87-6661d6c5d9c8, 5 ,3 ,5 ,1 ,3
3, 03da4ebd-f910-46e0-bd94-f8921a296a32, 3 ,3 ,5 ,4 ,3
3, 0c064720-5951-4125-86a6-f26d00516dd3, 1 ,4 ,5 ,4 ,5
3, a16cee66-d6a4-4bf8-ba6a-cdc02860a2f4, 2 ,2 ,3 ,5 ,4
3, d18b6fd7-ffa2-4c5e-b7d9-9661f6abfc9a, 1 ,5 ,5 ,2 ,4
3, 38c6bbfd-8efb-4659-8b7a-6e72aa4e8a7a, 5 ,3 ,3 ,2 ,3
3, 03c8480b-7a96-4764-8ac7-8d98171b6954, 5 ,2 ,3 ,1 ,3
3, f1bfa2ef-48d4-40a8-827a-804255730912, 1 ,5 ,1 ,5 ,5
3, 3b87a67b-a801-408e-a611-762af5877b59, 3 ,4 ,2 ,1 ,4
3, 2a23d4a9-118c-4fdd-aa10-2e3823955cb7, 2 ,1 ,3 ,5 ,3
3, 3e493a00-9b8b-4661-b46a-8ba0c13fa7d8, 5 ,3 ,4 ,3 ,3
3, 46225928-5342-4151-a7bb-4f6434e90002, 2 ,5 ,3 ,5 ,3
3, 0aac9270-3e2c-4090-a23c-cc58f5ea76c7, 2 ,3 ,1 ,4 ,4
3, d687ff17-c3d4-4bfb-8a87-6661d6c5d9c8, 3 ,3 ,2 ,1 ,3
3, 22ceaaac-4ac6-4a55-8295-b0f193601a7a, 4 ,1 ,4 ,3 ,4
3, a5bab240-99d2-4f53-9c25-0498778cd231, 4 ,2 ,1 ,4 ,3
3, 5b6297da-29c9-4498-a164-9d0a4c8b0ec5, 4 ,2 ,2 ,2 ,3
3, c2f7f20d-1dfa-48ff-b8fa-5fd688462600, 1 ,5 ,5 ,2 ,5
3, 3c68a596-3e54-4cdc-a287-9d2944f51ab6, 2 ,4 ,5 ,4 ,3
3, 2b9baa09-680b-498c-a3c7-6e4588d65ec0, 4 ,2 ,2 ,2 ,5
3, 054ca7e0-c414-412e-b0de-0f0af8c0b19b, 5 ,1 ,5 ,1 ,3
3, b126098b-7d9b-41f4-b0a7-54d3b59bf550, 3 ,4 ,3 ,1 ,5
3, c1d152f3-971f-4610-817b-aa550944f0bb, 5 ,1 ,4 ,3 ,3
3, d9d5cea5-26b5-43d9-8098-9a96fa3330cd, 1 ,5 ,4 ,5 ,3
3, 64d62df6-7291-4908-bf96-a8c956141c82, 4 ,5 ,1 ,3 ,3
3, 5d1ef66a-6057-4c80-bc95-ad8c51c37f09, 3 ,5 ,4 ,3 ,3
4, c2f7f20d-1dfa-48ff-b8fa-5fd688462600, 6 ,6 ,6 ,6 ,6
4, 22ceaaac-4ac6-4a55-8295-b0f193601a7a, 6 ,6 ,6 ,6 ,6
4, 2b9baa09-680b-498c-a3c7-6e4588d65ec0, 6 ,6 ,6 ,6 ,6
4, 46225928-5342-4151-a7bb-4f6434e90002, 6 ,6 ,6 ,6 ,6
4, 0c064720-5951-4125-86a6-f26d00516dd3, 6 ,6 ,6 ,6 ,6
4, a5bab240-99d2-4f53-9c25-0498778cd231, 6 ,6 ,6 ,6 ,6
4, 5d1ef66a-6057-4c80-bc95-ad8c51c37f09, 6 ,6 ,6 ,6 ,6
4, 38c6bbfd-8efb-4659-8b7a-6e72aa4e8a7a, 6 ,6 ,6 ,6 ,6
4, b126098b-7d9b-41f4-b0a7-54d3b59bf550, 6 ,6 ,6 ,6 ,6
4, a16cee66-d6a4-4bf8-ba6a-cdc02860a2f4, 6 ,6 ,6 ,6 ,6
4, 3c68a596-3e54-4cdc-a287-9d2944f51ab6, 6 ,6 ,6 ,6 ,6
4, 64d62df6-7291-4908-bf96-a8c956141c82, 6 ,6 ,6 ,6 ,6
4, f1bfa2ef-48d4-40a8-827a-804255730912, 6 ,6 ,6 ,6 ,6
4, 3b87a67b-a801-408e-a611-762af5877b59, 6 ,6 ,6 ,6 ,6
4, d18b6fd7-ffa2-4c5e-b7d9-9661f6abfc9a, 6 ,6 ,6 ,6 ,6
4, 054ca7e0-c414-412e-b0de-0f0af8c0b19b, 6 ,6 ,6 ,6 ,6
4, 03c8480b-7a96-4764-8ac7-8d98171b6954, 6 ,6 ,6 ,6 ,6
4, c1d152f3-971f-4610-817b-aa550944f0bb, 6 ,6 ,6 ,6 ,6
4, 2a23d4a9-118c-4fdd-aa10-2e3823955cb7, 6 ,6 ,6 ,6 ,6
4, d9d5cea5-26b5-43d9-8098-9a96fa3330cd, 6 ,6 ,6 ,6 ,6
4, d687ff17-c3d4-4bfb-8a87-6661d6c5d9c8, 6 ,6 ,6 ,6 ,6
4, 03da4ebd-f910-46e0-bd94-f8921a296a32, 6 ,6 ,6 ,6 ,6
4, 3e493a00-9b8b-4661-b46a-8ba0c13fa7d8, 6 ,6 ,6 ,6 ,6
4, 0aac9270-3e2c-4090-a23c-cc58f5ea76c7, 6 ,6 ,6 ,6 ,6
4, 5b6297da-29c9-4498-a164-9d0a4c8b0ec5, 6 ,6 ,6 ,6 ,6
5, 38c6bbfd-8efb-4659-8b7a-6e72aa4e8a7a, 6 ,6 ,6 ,6 ,6
5, 03da4ebd-f910-46e0-bd94-f8921a296a32, 6 ,6 ,6 ,6 ,6
5, 0c064720-5951-4125-86a6-f26d00516dd3, 6 ,6 ,6 ,6 ,6
5, d9d5cea5-26b5-43d9-8098-9a96fa3330cd, 6 ,6 ,6 ,6 ,6
5, 03c8480b-7a96-4764-8ac7-8d98171b6954, 6 ,6 ,6 ,6 ,6
5, 46225928-5342-4151-a7bb-4f6434e90002, 6 ,6 ,6 ,6 ,6
5, 3b87a67b-a801-408e-a611-762af5877b59, 6 ,6 ,6 ,6 ,6
5, 054ca7e0-c414-412e-b0de-0f0af8c0b19b, 6 ,6 ,6 ,6 ,6
5, 0aac9270-3e2c-4090-a23c-cc58f5ea76c7, 6 ,6 ,6 ,6 ,6
5, f1bfa2ef-48d4-40a8-827a-804255730912, 6 ,6 ,6 ,6 ,6
5, 5d1ef66a-6057-4c80-bc95-ad8c51c37f09, 6 ,6 ,6 ,6 ,6
5, a5bab240-99d2-4f53-9c25-0498778cd231, 6 ,6 ,6 ,6 ,6
5, d687ff17-c3d4-4bfb-8a87-6661d6c5d9c8, 6 ,6 ,6 ,6 ,6
5, b126098b-7d9b-41f4-b0a7-54d3b59bf550, 6 ,6 ,6 ,6 ,6
5, 22ceaaac-4ac6-4a55-8295-b0f193601a7a, 6 ,6 ,6 ,6 ,6
5, 64d62df6-7291-4908-bf96-a8c956141c82, 6 ,6 ,6 ,6 ,6
5, 3e493a00-9b8b-4661-b46a-8ba0c13fa7d8, 6 ,6 ,6 ,6 ,6
5, 2a23d4a9-118c-4fdd-aa10-2e3823955cb7, 6 ,6 ,6 ,6 ,6
5, a16cee66-d6a4-4bf8-ba6a-cdc02860a2f4, 6 ,6 ,6 ,6 ,6
5, c2f7f20d-1dfa-48ff-b8fa-5fd688462600, 6 ,6 ,6 ,6 ,6
5, 3c68a596-3e54-4cdc-a287-9d2944f51ab6, 6 ,6 ,6 ,6 ,6
5, 5b6297da-29c9-4498-a164-9d0a4c8b0ec5, 6 ,6 ,6 ,6 ,6
5, 2b9baa09-680b-498c-a3c7-6e4588d65ec0, 6 ,6 ,6 ,6 ,6
5, d18b6fd7-ffa2-4c5e-b7d9-9661f6abfc9a, 6 ,6 ,6 ,6 ,6
5, c1d152f3-971f-4610-817b-aa550944f0bb, 6 ,6 ,6 ,6 ,6
6, 5d1ef66a-6057-4c80-bc95-ad8c51c37f09, 2 ,4 ,4 ,1 ,2
6, 03da4ebd-f910-46e0-bd94-f8921a296a32, 3 ,5 ,4 ,4 ,2
6, c1d152f3-971f-4610-817b-aa550944f0bb, 5 ,1 ,1 ,4 ,1
6, 2b9baa09-680b-498c-a3c7-6e4588d65ec0, 4 ,2 ,1 ,2 ,5
6, 0c064720-5951-4125-86a6-f26d00516dd3, 1 ,4 ,5 ,2 ,4
6, 054ca7e0-c414-412e-b0de-0f0af8c0b19b, 5 ,1 ,5 ,3 ,1
6, 5b6297da-29c9-4498-a164-9d0a4c8b0ec5, 4 ,3 ,4 ,3 ,2
6, 0aac9270-3e2c-4090-a23c-cc58f5ea76c7, 3 ,4 ,3 ,5 ,4
6, 3b87a67b-a801-408e-a611-762af5877b59, 3 ,5 ,2 ,1 ,5
6, d9d5cea5-26b5-43d9-8098-9a96fa3330cd, 1 ,5 ,3 ,4 ,3
6, 22ceaaac-4ac6-4a55-8295-b0f193601a7a, 3 ,1 ,5 ,3 ,5
6, a16cee66-d6a4-4bf8-ba6a-cdc02860a2f4, 2 ,2 ,1 ,5 ,4
6, 46225928-5342-4151-a7bb-4f6434e90002, 2 ,3 ,3 ,5 ,3
6, 38c6bbfd-8efb-4659-8b7a-6e72aa4e8a7a, 5 ,2 ,1 ,1 ,2
6, a5bab240-99d2-4f53-9c25-0498778cd231, 4 ,4 ,2 ,4 ,1
6, 64d62df6-7291-4908-bf96-a8c956141c82, 4 ,4 ,3 ,3 ,1
6, c2f7f20d-1dfa-48ff-b8fa-5fd688462600, 1 ,3 ,5 ,1 ,5
6, d687ff17-c3d4-4bfb-8a87-6661d6c5d9c8, 4 ,3 ,3 ,2 ,1
6, d18b6fd7-ffa2-4c5e-b7d9-9661f6abfc9a, 1 ,5 ,5 ,2 ,5
6, 3e493a00-9b8b-4661-b46a-8ba0c13fa7d8, 5 ,1 ,4 ,3 ,2
6, 3c68a596-3e54-4cdc-a287-9d2944f51ab6, 2 ,5 ,5 ,4 ,3
6, f1bfa2ef-48d4-40a8-827a-804255730912, 1 ,5 ,2 ,5 ,4
6, 2a23d4a9-118c-4fdd-aa10-2e3823955cb7, 3 ,2 ,1 ,5 ,3
6, b126098b-7d9b-41f4-b0a7-54d3b59bf550, 2 ,4 ,4 ,1 ,4
6, 03c8480b-7a96-4764-8ac7-8d98171b6954, 5 ,1 ,3 ,2 ,3
7, 03da4ebd-f910-46e0-bd94-f8921a296a32, 1 ,5 ,4 ,4 ,2
7, 5d1ef66a-6057-4c80-bc95-ad8c51c37f09, 3 ,5 ,4 ,2 ,1
7, b126098b-7d9b-41f4-b0a7-54d3b59bf550, 2 ,4 ,2 ,1 ,4
7, d687ff17-c3d4-4bfb-8a87-6661d6c5d9c8, 4 ,3 ,2 ,2 ,3
7, f1bfa2ef-48d4-40a8-827a-804255730912, 1 ,5 ,3 ,5 ,4
7, 64d62df6-7291-4908-bf96-a8c956141c82, 4 ,4 ,2 ,3 ,1
7, 38c6bbfd-8efb-4659-8b7a-6e72aa4e8a7a, 5 ,2 ,1 ,1 ,2
7, a5bab240-99d2-4f53-9c25-0498778cd231, 4 ,3 ,4 ,3 ,1
7, 0aac9270-3e2c-4090-a23c-cc58f5ea76c7, 2 ,3 ,2 ,5 ,4
7, 22ceaaac-4ac6-4a55-8295-b0f193601a7a, 3 ,1 ,5 ,3 ,5
7, a16cee66-d6a4-4bf8-ba6a-cdc02860a2f4, 3 ,2 ,1 ,5 ,4
7, 3b87a67b-a801-408e-a611-762af5877b59, 3 ,5 ,3 ,1 ,4
7, c1d152f3-971f-4610-817b-aa550944f0bb, 5 ,1 ,1 ,4 ,1
7, 46225928-5342-4151-a7bb-4f6434e90002, 2 ,3 ,2 ,5 ,3
7, 3e493a00-9b8b-4661-b46a-8ba0c13fa7d8, 5 ,3 ,4 ,5 ,2
7, 5b6297da-29c9-4498-a164-9d0a4c8b0ec5, 4 ,2 ,4 ,3 ,2
7, 0c064720-5951-4125-86a6-f26d00516dd3, 1 ,4 ,5 ,2 ,5
7, d18b6fd7-ffa2-4c5e-b7d9-9661f6abfc9a, 1 ,5 ,5 ,2 ,5
7, c2f7f20d-1dfa-48ff-b8fa-5fd688462600, 2 ,3 ,5 ,1 ,5
7, 2a23d4a9-118c-4fdd-aa10-2e3823955cb7, 3 ,1 ,1 ,4 ,3
7, 3c68a596-3e54-4cdc-a287-9d2944f51ab6, 2 ,4 ,4 ,4 ,1
7, 2b9baa09-680b-498c-a3c7-6e4588d65ec0, 4 ,2 ,1 ,1 ,5
7, 03c8480b-7a96-4764-8ac7-8d98171b6954, 5 ,2 ,3 ,2 ,3
7, d9d5cea5-26b5-43d9-8098-9a96fa3330cd, 1 ,5 ,3 ,4 ,3
7, 054ca7e0-c414-412e-b0de-0f0af8c0b19b, 5 ,1 ,5 ,3 ,2
8, 38c6bbfd-8efb-4659-8b7a-6e72aa4e8a7a, 6 ,6 ,6 ,6 ,6
8, 054ca7e0-c414-412e-b0de-0f0af8c0b19b, 6 ,6 ,6 ,6 ,6
8, 5d1ef66a-6057-4c80-bc95-ad8c51c37f09, 6 ,6 ,6 ,6 ,6
8, d9d5cea5-26b5-43d9-8098-9a96fa3330cd, 6 ,6 ,6 ,6 ,6
8, 0c064720-5951-4125-86a6-f26d00516dd3, 6 ,6 ,6 ,6 ,6
8, 0aac9270-3e2c-4090-a23c-cc58f5ea76c7, 6 ,6 ,6 ,6 ,6
8, 3e493a00-9b8b-4661-b46a-8ba0c13fa7d8, 6 ,6 ,6 ,6 ,6
8, 03c8480b-7a96-4764-8ac7-8d98171b6954, 6 ,6 ,6 ,6 ,6
8, 46225928-5342-4151-a7bb-4f6434e90002, 6 ,6 ,6 ,6 ,6
8, d687ff17-c3d4-4bfb-8a87-6661d6c5d9c8, 6 ,6 ,6 ,6 ,6
8, 2b9baa09-680b-498c-a3c7-6e4588d65ec0, 6 ,6 ,6 ,6 ,6
8, 3c68a596-3e54-4cdc-a287-9d2944f51ab6, 6 ,6 ,6 ,6 ,6
8, c1d152f3-971f-4610-817b-aa550944f0bb, 6 ,6 ,6 ,6 ,6
8, f1bfa2ef-48d4-40a8-827a-804255730912, 6 ,6 ,6 ,6 ,6
8, a5bab240-99d2-4f53-9c25-0498778cd231, 6 ,6 ,6 ,6 ,6
8, d18b6fd7-ffa2-4c5e-b7d9-9661f6abfc9a, 6 ,6 ,6 ,6 ,6
8, c2f7f20d-1dfa-48ff-b8fa-5fd688462600, 6 ,6 ,6 ,6 ,6
8, 2a23d4a9-118c-4fdd-aa10-2e3823955cb7, 6 ,6 ,6 ,6 ,6
8, 03da4ebd-f910-46e0-bd94-f8921a296a32, 6 ,6 ,6 ,6 ,6
8, 5b6297da-29c9-4498-a164-9d0a4c8b0ec5, 6 ,6 ,6 ,6 ,6
8, a16cee66-d6a4-4bf8-ba6a-cdc02860a2f4, 6 ,6 ,6 ,6 ,6
8, b126098b-7d9b-41f4-b0a7-54d3b59bf550, 6 ,6 ,6 ,6 ,6
8, 3b87a67b-a801-408e-a611-762af5877b59, 6 ,6 ,6 ,6 ,6
8, 22ceaaac-4ac6-4a55-8295-b0f193601a7a, 6 ,6 ,6 ,6 ,6
8, 64d62df6-7291-4908-bf96-a8c956141c82, 6 ,6 ,6 ,6 ,6
9, 0aac9270-3e2c-4090-a23c-cc58f5ea76c7, 6 ,6 ,6 ,6 ,6
9, 38c6bbfd-8efb-4659-8b7a-6e72aa4e8a7a, 6 ,6 ,6 ,6 ,6
9, 46225928-5342-4151-a7bb-4f6434e90002, 6 ,6 ,6 ,6 ,6
9, 22ceaaac-4ac6-4a55-8295-b0f193601a7a, 6 ,6 ,6 ,6 ,6
9, d9d5cea5-26b5-43d9-8098-9a96fa3330cd, 6 ,6 ,6 ,6 ,6
9, 03c8480b-7a96-4764-8ac7-8d98171b6954, 6 ,6 ,6 ,6 ,6
9, a5bab240-99d2-4f53-9c25-0498778cd231, 6 ,6 ,6 ,6 ,6
9, 3e493a00-9b8b-4661-b46a-8ba0c13fa7d8, 6 ,6 ,6 ,6 ,6
9, a16cee66-d6a4-4bf8-ba6a-cdc02860a2f4, 6 ,6 ,6 ,6 ,6
9, 3b87a67b-a801-408e-a611-762af5877b59, 6 ,6 ,6 ,6 ,6
9, 03da4ebd-f910-46e0-bd94-f8921a296a32, 6 ,6 ,6 ,6 ,6
9, 64d62df6-7291-4908-bf96-a8c956141c82, 6 ,6 ,6 ,6 ,6
9, 5d1ef66a-6057-4c80-bc95-ad8c51c37f09, 6 ,6 ,6 ,6 ,6
9, 5b6297da-29c9-4498-a164-9d0a4c8b0ec5, 6 ,6 ,6 ,6 ,6
9, 0c064720-5951-4125-86a6-f26d00516dd3, 6 ,6 ,6 ,6 ,6
9, c1d152f3-971f-4610-817b-aa550944f0bb, 6 ,6 ,6 ,6 ,6
9, b126098b-7d9b-41f4-b0a7-54d3b59bf550, 6 ,6 ,6 ,6 ,6
9, d18b6fd7-ffa2-4c5e-b7d9-9661f6abfc9a, 6 ,6 ,6 ,6 ,6
9, 2b9baa09-680b-498c-a3c7-6e4588d65ec0, 6 ,6 ,6 ,6 ,6
9, 2a23d4a9-118c-4fdd-aa10-2e3823955cb7, 6 ,6 ,6 ,6 ,6
9, c2f7f20d-1dfa-48ff-b8fa-5fd688462600, 6 ,6 ,6 ,6 ,6
9, f1bfa2ef-48d4-40a8-827a-804255730912, 6 ,6 ,6 ,6 ,6
9, 3c68a596-3e54-4cdc-a287-9d2944f51ab6, 6 ,6 ,6 ,6 ,6
9, d687ff17-c3d4-4bfb-8a87-6661d6c5d9c8, 6 ,6 ,6 ,6 ,6
9, 054ca7e0-c414-412e-b0de-0f0af8c0b19b, 6 ,6 ,6 ,6 ,6
10, 0c064720-5951-4125-86a6-f26d00516dd3, 6 ,6 ,6 ,6 ,6
10, d9d5cea5-26b5-43d9-8098-9a96fa3330cd, 6 ,6 ,6 ,6 ,6
10, f1bfa2ef-48d4-40a8-827a-804255730912, 6 ,6 ,6 ,6 ,6
10, 3e493a00-9b8b-4661-b46a-8ba0c13fa7d8, 6 ,6 ,6 ,6 ,6
10, a16cee66-d6a4-4bf8-ba6a-cdc02860a2f4, 6 ,6 ,6 ,6 ,6
10, 46225928-5342-4151-a7bb-4f6434e90002, 6 ,6 ,6 ,6 ,6
10, 2b9baa09-680b-498c-a3c7-6e4588d65ec0, 6 ,6 ,6 ,6 ,6
10, 054ca7e0-c414-412e-b0de-0f0af8c0b19b, 6 ,6 ,6 ,6 ,6
10, c1d152f3-971f-4610-817b-aa550944f0bb, 6 ,6 ,6 ,6 ,6
10, d18b6fd7-ffa2-4c5e-b7d9-9661f6abfc9a, 6 ,6 ,6 ,6 ,6
10, 64d62df6-7291-4908-bf96-a8c956141c82, 6 ,6 ,6 ,6 ,6
10, 5b6297da-29c9-4498-a164-9d0a4c8b0ec5, 6 ,6 ,6 ,6 ,6
10, c2f7f20d-1dfa-48ff-b8fa-5fd688462600, 6 ,6 ,6 ,6 ,6
10, 3b87a67b-a801-408e-a611-762af5877b59, 6 ,6 ,6 ,6 ,6
10, 3c68a596-3e54-4cdc-a287-9d2944f51ab6, 6 ,6 ,6 ,6 ,6
10, 38c6bbfd-8efb-4659-8b7a-6e72aa4e8a7a, 6 ,6 ,6 ,6 ,6
10, a5bab240-99d2-4f53-9c25-0498778cd231, 6 ,6 ,6 ,6 ,6
10, b126098b-7d9b-41f4-b0a7-54d3b59bf550, 6 ,6 ,6 ,6 ,6
10, 0aac9270-3e2c-4090-a23c-cc58f5ea76c7, 6 ,6 ,6 ,6 ,6
10, d687ff17-c3d4-4bfb-8a87-6661d6c5d9c8, 6 ,6 ,6 ,6 ,6
10, 22ceaaac-4ac6-4a55-8295-b0f193601a7a, 6 ,6 ,6 ,6 ,6
10, 2a23d4a9-118c-4fdd-aa10-2e3823955cb7, 6 ,6 ,6 ,6 ,6
10, 03da4ebd-f910-46e0-bd94-f8921a296a32, 6 ,6 ,6 ,6 ,6
10, 5d1ef66a-6057-4c80-bc95-ad8c51c37f09, 6 ,6 ,6 ,6 ,6
10, 03c8480b-7a96-4764-8ac7-8d98171b6954, 6 ,6 ,6 ,6 ,6
11, 5b6297da-29c9-4498-a164-9d0a4c8b0ec5, 6 ,6 ,6 ,6 ,6
11, c1d152f3-971f-4610-817b-aa550944f0bb, 6 ,6 ,6 ,6 ,6
11, d9d5cea5-26b5-43d9-8098-9a96fa3330cd, 6 ,6 ,6 ,6 ,6
11, d687ff17-c3d4-4bfb-8a87-6661d6c5d9c8, 6 ,6 ,6 ,6 ,6
11, d18b6fd7-ffa2-4c5e-b7d9-9661f6abfc9a, 6 ,6 ,6 ,6 ,6
11, a16cee66-d6a4-4bf8-ba6a-cdc02860a2f4, 6 ,6 ,6 ,6 ,6
11, 3e493a00-9b8b-4661-b46a-8ba0c13fa7d8, 6 ,6 ,6 ,6 ,6
11, 0aac9270-3e2c-4090-a23c-cc58f5ea76c7, 6 ,6 ,6 ,6 ,6
11, 3c68a596-3e54-4cdc-a287-9d2944f51ab6, 6 ,6 ,6 ,6 ,6
11, a5bab240-99d2-4f53-9c25-0498778cd231, 6 ,6 ,6 ,6 ,6
11, 2b9baa09-680b-498c-a3c7-6e4588d65ec0, 6 ,6 ,6 ,6 ,6
11, 0c064720-5951-4125-86a6-f26d00516dd3, 6 ,6 ,6 ,6 ,6
11, 46225928-5342-4151-a7bb-4f6434e90002, 6 ,6 ,6 ,6 ,6
11, 03da4ebd-f910-46e0-bd94-f8921a296a32, 6 ,6 ,6 ,6 ,6
11, 03c8480b-7a96-4764-8ac7-8d98171b6954, 6 ,6 ,6 ,6 ,6
11, 3b87a67b-a801-408e-a611-762af5877b59, 6 ,6 ,6 ,6 ,6
11, 5d1ef66a-6057-4c80-bc95-ad8c51c37f09, 6 ,6 ,6 ,6 ,6
11, 38c6bbfd-8efb-4659-8b7a-6e72aa4e8a7a, 6 ,6 ,6 ,6 ,6
11, 054ca7e0-c414-412e-b0de-0f0af8c0b19b, 6 ,6 ,6 ,6 ,6
11, 64d62df6-7291-4908-bf96-a8c956141c82, 6 ,6 ,6 ,6 ,6
11, c2f7f20d-1dfa-48ff-b8fa-5fd688462600, 6 ,6 ,6 ,6 ,6
11, 22ceaaac-4ac6-4a55-8295-b0f193601a7a, 6 ,6 ,6 ,6 ,6
11, f1bfa2ef-48d4-40a8-827a-804255730912, 6 ,6 ,6 ,6 ,6
11, 2a23d4a9-118c-4fdd-aa10-2e3823955cb7, 6 ,6 ,6 ,6 ,6
11, b126098b-7d9b-41f4-b0a7-54d3b59bf550, 6 ,6 ,6 ,6 ,6
12, d18b6fd7-ffa2-4c5e-b7d9-9661f6abfc9a, 6 ,6 ,6 ,6 ,6
12, 46225928-5342-4151-a7bb-4f6434e90002, 6 ,6 ,6 ,6 ,6
12, 054ca7e0-c414-412e-b0de-0f0af8c0b19b, 6 ,6 ,6 ,6 ,6
12, 64d62df6-7291-4908-bf96-a8c956141c82, 6 ,6 ,6 ,6 ,6
12, 0aac9270-3e2c-4090-a23c-cc58f5ea76c7, 6 ,6 ,6 ,6 ,6
12, 2a23d4a9-118c-4fdd-aa10-2e3823955cb7, 6 ,6 ,6 ,6 ,6
12, 3e493a00-9b8b-4661-b46a-8ba0c13fa7d8, 6 ,6 ,6 ,6 ,6
12, c1d152f3-971f-4610-817b-aa550944f0bb, 6 ,6 ,6 ,6 ,6
12, 5d1ef66a-6057-4c80-bc95-ad8c51c37f09, 6 ,6 ,6 ,6 ,6
12, 2b9baa09-680b-498c-a3c7-6e4588d65ec0, 6 ,6 ,6 ,6 ,6
12, 5b6297da-29c9-4498-a164-9d0a4c8b0ec5, 6 ,6 ,6 ,6 ,6
12, d687ff17-c3d4-4bfb-8a87-6661d6c5d9c8, 6 ,6 ,6 ,6 ,6
12, 03c8480b-7a96-4764-8ac7-8d98171b6954, 6 ,6 ,6 ,6 ,6
12, a5bab240-99d2-4f53-9c25-0498778cd231, 6 ,6 ,6 ,6 ,6
12, 03da4ebd-f910-46e0-bd94-f8921a296a32, 6 ,6 ,6 ,6 ,6
12, 3b87a67b-a801-408e-a611-762af5877b59, 6 ,6 ,6 ,6 ,6
12, a16cee66-d6a4-4bf8-ba6a-cdc02860a2f4, 6 ,6 ,6 ,6 ,6
12, 0c064720-5951-4125-86a6-f26d00516dd3, 6 ,6 ,6 ,6 ,6
12, 22ceaaac-4ac6-4a55-8295-b0f193601a7a, 6 ,6 ,6 ,6 ,6
12, 3c68a596-3e54-4cdc-a287-9d2944f51ab6, 6 ,6 ,6 ,6 ,6
12, b126098b-7d9b-41f4-b0a7-54d3b59bf550, 6 ,6 ,6 ,6 ,6
12, 38c6bbfd-8efb-4659-8b7a-6e72aa4e8a7a, 6 ,6 ,6 ,6 ,6
12, f1bfa2ef-48d4-40a8-827a-804255730912, 6 ,6 ,6 ,6 ,6
12, c2f7f20d-1dfa-48ff-b8fa-5fd688462600, 6 ,6 ,6 ,6 ,6
12, d9d5cea5-26b5-43d9-8098-9a96fa3330cd, 6 ,6 ,6 ,6 ,6
13, f1bfa2ef-48d4-40a8-827a-804255730912, 6 ,6 ,6 ,6 ,6
13, 5d1ef66a-6057-4c80-bc95-ad8c51c37f09, 6 ,6 ,6 ,6 ,6
13, d18b6fd7-ffa2-4c5e-b7d9-9661f6abfc9a, 6 ,6 ,6 ,6 ,6
13, c1d152f3-971f-4610-817b-aa550944f0bb, 6 ,6 ,6 ,6 ,6
13, 3b87a67b-a801-408e-a611-762af5877b59, 6 ,6 ,6 ,6 ,6
13, 3e493a00-9b8b-4661-b46a-8ba0c13fa7d8, 6 ,6 ,6 ,6 ,6
13, 5b6297da-29c9-4498-a164-9d0a4c8b0ec5, 6 ,6 ,6 ,6 ,6
13, 03c8480b-7a96-4764-8ac7-8d98171b6954, 6 ,6 ,6 ,6 ,6
13, 22ceaaac-4ac6-4a55-8295-b0f193601a7a, 6 ,6 ,6 ,6 ,6
13, b126098b-7d9b-41f4-b0a7-54d3b59bf550, 6 ,6 ,6 ,6 ,6
13, c2f7f20d-1dfa-48ff-b8fa-5fd688462600, 6 ,6 ,6 ,6 ,6
13, 0aac9270-3e2c-4090-a23c-cc58f5ea76c7, 6 ,6 ,6 ,6 ,6
13, 054ca7e0-c414-412e-b0de-0f0af8c0b19b, 6 ,6 ,6 ,6 ,6
13, 2b9baa09-680b-498c-a3c7-6e4588d65ec0, 6 ,6 ,6 ,6 ,6
13, 2a23d4a9-118c-4fdd-aa10-2e3823955cb7, 6 ,6 ,6 ,6 ,6
13, 64d62df6-7291-4908-bf96-a8c956141c82, 6 ,6 ,6 ,6 ,6
13, a16cee66-d6a4-4bf8-ba6a-cdc02860a2f4, 6 ,6 ,6 ,6 ,6
13, 0c064720-5951-4125-86a6-f26d00516dd3, 6 ,6 ,6 ,6 ,6
13, 3c68a596-3e54-4cdc-a287-9d2944f51ab6, 6 ,6 ,6 ,6 ,6
13, a5bab240-99d2-4f53-9c25-0498778cd231, 6 ,6 ,6 ,6 ,6
13, 38c6bbfd-8efb-4659-8b7a-6e72aa4e8a7a, 6 ,6 ,6 ,6 ,6
13, d9d5cea5-26b5-43d9-8098-9a96fa3330cd, 6 ,6 ,6 ,6 ,6
13, d687ff17-c3d4-4bfb-8a87-6661d6c5d9c8, 6 ,6 ,6 ,6 ,6
13, 46225928-5342-4151-a7bb-4f6434e90002, 6 ,6 ,6 ,6 ,6
13, 03da4ebd-f910-46e0-bd94-f8921a296a32, 6 ,6 ,6 ,6 ,6
14, 03c8480b-7a96-4764-8ac7-8d98171b6954, 5 ,1 ,3 ,1 ,2
14, d9d5cea5-26b5-43d9-8098-9a96fa3330cd, 6 ,6 ,6 ,6 ,6
14, 38c6bbfd-8efb-4659-8b7a-6e72aa4e8a7a, 5 ,3 ,1 ,2 ,2
14, d18b6fd7-ffa2-4c5e-b7d9-9661f6abfc9a, 1 ,5 ,5 ,5 ,4
14, 2a23d4a9-118c-4fdd-aa10-2e3823955cb7, 5 ,2 ,4 ,3 ,1
14, 46225928-5342-4151-a7bb-4f6434e90002, 6 ,6 ,6 ,6 ,6
14, 5b6297da-29c9-4498-a164-9d0a4c8b0ec5, 6 ,6 ,6 ,6 ,6
14, 64d62df6-7291-4908-bf96-a8c956141c82, 4 ,4 ,1 ,3 ,1
14, f1bfa2ef-48d4-40a8-827a-804255730912, 1 ,5 ,3 ,5 ,5
14, 3e493a00-9b8b-4661-b46a-8ba0c13fa7d8, 2 ,1 ,1 ,4 ,3
14, 0aac9270-3e2c-4090-a23c-cc58f5ea76c7, 6 ,6 ,6 ,6 ,6
14, 054ca7e0-c414-412e-b0de-0f0af8c0b19b, 6 ,6 ,6 ,6 ,6
14, a16cee66-d6a4-4bf8-ba6a-cdc02860a2f4, 3 ,2 ,4 ,5 ,4
14, 2b9baa09-680b-498c-a3c7-6e4588d65ec0, 6 ,6 ,6 ,6 ,6
14, 22ceaaac-4ac6-4a55-8295-b0f193601a7a, 3 ,1 ,5 ,1 ,4
14, d687ff17-c3d4-4bfb-8a87-6661d6c5d9c8, 4 ,3 ,2 ,4 ,3
14, 0c064720-5951-4125-86a6-f26d00516dd3, 6 ,6 ,6 ,6 ,6
14, b126098b-7d9b-41f4-b0a7-54d3b59bf550, 3 ,4 ,4 ,1 ,5
14, 3b87a67b-a801-408e-a611-762af5877b59, 6 ,6 ,6 ,6 ,6
14, 5d1ef66a-6057-4c80-bc95-ad8c51c37f09, 6 ,6 ,6 ,6 ,6
14, 03da4ebd-f910-46e0-bd94-f8921a296a32, 1 ,3 ,2 ,4 ,3
14, 3c68a596-3e54-4cdc-a287-9d2944f51ab6, 2 ,4 ,4 ,3 ,1
14, c2f7f20d-1dfa-48ff-b8fa-5fd688462600, 2 ,5 ,5 ,2 ,5
14, c1d152f3-971f-4610-817b-aa550944f0bb, 6 ,6 ,6 ,6 ,6
14, a5bab240-99d2-4f53-9c25-0498778cd231, 4 ,3 ,2 ,2 ,2
15, 22ceaaac-4ac6-4a55-8295-b0f193601a7a, 3 ,1 ,5 ,1 ,4
15, c2f7f20d-1dfa-48ff-b8fa-5fd688462600, 1 ,5 ,5 ,2 ,5
15, 38c6bbfd-8efb-4659-8b7a-6e72aa4e8a7a, 5 ,3 ,1 ,4 ,2
15, 03c8480b-7a96-4764-8ac7-8d98171b6954, 5 ,1 ,3 ,1 ,3
15, 3e493a00-9b8b-4661-b46a-8ba0c13fa7d8, 4 ,3 ,1 ,2 ,3
15, a5bab240-99d2-4f53-9c25-0498778cd231, 5 ,2 ,2 ,4 ,2
15, 0aac9270-3e2c-4090-a23c-cc58f5ea76c7, 2 ,5 ,4 ,1 ,5
15, 2b9baa09-680b-498c-a3c7-6e4588d65ec0, 5 ,3 ,2 ,3 ,4
15, b126098b-7d9b-41f4-b0a7-54d3b59bf550, 2 ,4 ,4 ,1 ,5
15, 64d62df6-7291-4908-bf96-a8c956141c82, 4 ,3 ,1 ,3 ,1
15, d9d5cea5-26b5-43d9-8098-9a96fa3330cd, 1 ,4 ,1 ,5 ,3
15, d18b6fd7-ffa2-4c5e-b7d9-9661f6abfc9a, 1 ,5 ,5 ,5 ,4
15, 2a23d4a9-118c-4fdd-aa10-2e3823955cb7, 3 ,1 ,4 ,3 ,1
15, 0c064720-5951-4125-86a6-f26d00516dd3, 1 ,2 ,5 ,2 ,5
15, 46225928-5342-4151-a7bb-4f6434e90002, 2 ,5 ,2 ,4 ,2
15, a16cee66-d6a4-4bf8-ba6a-cdc02860a2f4, 2 ,2 ,4 ,4 ,4
15, 054ca7e0-c414-412e-b0de-0f0af8c0b19b, 4 ,1 ,5 ,2 ,2
15, d687ff17-c3d4-4bfb-8a87-6661d6c5d9c8, 4 ,2 ,3 ,2 ,3
15, 3b87a67b-a801-408e-a611-762af5877b59, 3 ,4 ,3 ,3 ,4
15, 5d1ef66a-6057-4c80-bc95-ad8c51c37f09, 3 ,2 ,3 ,4 ,1
15, f1bfa2ef-48d4-40a8-827a-804255730912, 1 ,5 ,2 ,5 ,5
15, 03da4ebd-f910-46e0-bd94-f8921a296a32, 3 ,4 ,2 ,5 ,2
15, 3c68a596-3e54-4cdc-a287-9d2944f51ab6, 2 ,4 ,4 ,3 ,1
15, 5b6297da-29c9-4498-a164-9d0a4c8b0ec5, 4 ,3 ,4 ,1 ,1
15, c1d152f3-971f-4610-817b-aa550944f0bb, 5 ,1 ,1 ,5 ,3
16, b126098b-7d9b-41f4-b0a7-54d3b59bf550, 2 ,5 ,5 ,2 ,5
16, c1d152f3-971f-4610-817b-aa550944f0bb, 5 ,1 ,1 ,5 ,3
16, 46225928-5342-4151-a7bb-4f6434e90002, 2 ,5 ,3 ,4 ,2
16, 3c68a596-3e54-4cdc-a287-9d2944f51ab6, 2 ,4 ,4 ,5 ,1
16, 3b87a67b-a801-408e-a611-762af5877b59, 3 ,5 ,3 ,3 ,4
16, 22ceaaac-4ac6-4a55-8295-b0f193601a7a, 3 ,1 ,5 ,1 ,4
16, d18b6fd7-ffa2-4c5e-b7d9-9661f6abfc9a, 1 ,5 ,3 ,5 ,4
16, 2b9baa09-680b-498c-a3c7-6e4588d65ec0, 3 ,3 ,3 ,3 ,4
16, f1bfa2ef-48d4-40a8-827a-804255730912, 1 ,5 ,2 ,3 ,5
16, 03da4ebd-f910-46e0-bd94-f8921a296a32, 3 ,4 ,2 ,5 ,2
16, 054ca7e0-c414-412e-b0de-0f0af8c0b19b, 4 ,1 ,5 ,2 ,2
16, 5d1ef66a-6057-4c80-bc95-ad8c51c37f09, 5 ,3 ,3 ,5 ,1
16, 3e493a00-9b8b-4661-b46a-8ba0c13fa7d8, 5 ,3 ,2 ,4 ,3
16, d9d5cea5-26b5-43d9-8098-9a96fa3330cd, 2 ,4 ,1 ,4 ,3
16, 03c8480b-7a96-4764-8ac7-8d98171b6954, 5 ,1 ,3 ,1 ,3
16, 5b6297da-29c9-4498-a164-9d0a4c8b0ec5, 4 ,3 ,4 ,2 ,1
16, c2f7f20d-1dfa-48ff-b8fa-5fd688462600, 1 ,5 ,5 ,2 ,5
16, 38c6bbfd-8efb-4659-8b7a-6e72aa4e8a7a, 5 ,3 ,1 ,2 ,2
16, d687ff17-c3d4-4bfb-8a87-6661d6c5d9c8, 4 ,2 ,3 ,4 ,3
16, a16cee66-d6a4-4bf8-ba6a-cdc02860a2f4, 2 ,2 ,4 ,3 ,4
16, 0aac9270-3e2c-4090-a23c-cc58f5ea76c7, 1 ,5 ,4 ,1 ,5
16, 64d62df6-7291-4908-bf96-a8c956141c82, 4 ,3 ,1 ,4 ,1
16, a5bab240-99d2-4f53-9c25-0498778cd231, 3 ,2 ,1 ,3 ,2
16, 2a23d4a9-118c-4fdd-aa10-2e3823955cb7, 4 ,1 ,5 ,1 ,1
16, 0c064720-5951-4125-86a6-f26d00516dd3, 1 ,2 ,5 ,1 ,5
17, c1d152f3-971f-4610-817b-aa550944f0bb, 5 ,1 ,1 ,4 ,2
17, 5d1ef66a-6057-4c80-bc95-ad8c51c37f09, 4 ,2 ,2 ,5 ,1
17, a5bab240-99d2-4f53-9c25-0498778cd231, 5 ,3 ,1 ,5 ,2
17, 054ca7e0-c414-412e-b0de-0f0af8c0b19b, 5 ,1 ,5 ,3 ,2
17, c2f7f20d-1dfa-48ff-b8fa-5fd688462600, 1 ,5 ,5 ,4 ,5
17, 2a23d4a9-118c-4fdd-aa10-2e3823955cb7, 4 ,1 ,5 ,1 ,1
17, d9d5cea5-26b5-43d9-8098-9a96fa3330cd, 3 ,5 ,2 ,4 ,3
17, d687ff17-c3d4-4bfb-8a87-6661d6c5d9c8, 4 ,2 ,3 ,3 ,3
17, 64d62df6-7291-4908-bf96-a8c956141c82, 4 ,4 ,1 ,5 ,1
17, 46225928-5342-4151-a7bb-4f6434e90002, 2 ,4 ,2 ,5 ,1
17, d18b6fd7-ffa2-4c5e-b7d9-9661f6abfc9a, 1 ,5 ,4 ,4 ,4
17, 0c064720-5951-4125-86a6-f26d00516dd3, 3 ,3 ,5 ,1 ,5
17, b126098b-7d9b-41f4-b0a7-54d3b59bf550, 2 ,4 ,4 ,2 ,5
17, 2b9baa09-680b-498c-a3c7-6e4588d65ec0, 2 ,3 ,3 ,2 ,4
17, 5b6297da-29c9-4498-a164-9d0a4c8b0ec5, 4 ,2 ,4 ,2 ,3
17, 3c68a596-3e54-4cdc-a287-9d2944f51ab6, 2 ,5 ,4 ,5 ,1
17, 3b87a67b-a801-408e-a611-762af5877b59, 1 ,5 ,3 ,3 ,4
17, 03c8480b-7a96-4764-8ac7-8d98171b6954, 5 ,1 ,3 ,1 ,3
17, 38c6bbfd-8efb-4659-8b7a-6e72aa4e8a7a, 5 ,3 ,1 ,2 ,2
17, a16cee66-d6a4-4bf8-ba6a-cdc02860a2f4, 3 ,2 ,4 ,3 ,4
17, 03da4ebd-f910-46e0-bd94-f8921a296a32, 2 ,3 ,2 ,2 ,2
17, 3e493a00-9b8b-4661-b46a-8ba0c13fa7d8, 3 ,2 ,2 ,3 ,3
17, 0aac9270-3e2c-4090-a23c-cc58f5ea76c7, 1 ,5 ,4 ,1 ,5
17, 22ceaaac-4ac6-4a55-8295-b0f193601a7a, 3 ,1 ,5 ,1 ,5
17, f1bfa2ef-48d4-40a8-827a-804255730912, 1 ,4 ,2 ,4 ,4
18, 5d1ef66a-6057-4c80-bc95-ad8c51c37f09, 4 ,2 ,4 ,4 ,1
18, c2f7f20d-1dfa-48ff-b8fa-5fd688462600, 1 ,5 ,5 ,3 ,5
18, d687ff17-c3d4-4bfb-8a87-6661d6c5d9c8, 4 ,2 ,3 ,5 ,3
18, 03da4ebd-f910-46e0-bd94-f8921a296a32, 3 ,3 ,2 ,2 ,3
18, 64d62df6-7291-4908-bf96-a8c956141c82, 4 ,4 ,2 ,5 ,1
18, 0c064720-5951-4125-86a6-f26d00516dd3, 2 ,3 ,5 ,1 ,5
18, 03c8480b-7a96-4764-8ac7-8d98171b6954, 5 ,1 ,3 ,1 ,2
18, a5bab240-99d2-4f53-9c25-0498778cd231, 4 ,3 ,3 ,5 ,2
18, 3e493a00-9b8b-4661-b46a-8ba0c13fa7d8, 3 ,2 ,1 ,3 ,3
18, a16cee66-d6a4-4bf8-ba6a-cdc02860a2f4, 2 ,2 ,4 ,4 ,4
18, d9d5cea5-26b5-43d9-8098-9a96fa3330cd, 2 ,4 ,2 ,5 ,2
18, 0aac9270-3e2c-4090-a23c-cc58f5ea76c7, 1 ,5 ,4 ,1 ,4
18, 3b87a67b-a801-408e-a611-762af5877b59, 1 ,5 ,2 ,3 ,4
18, 38c6bbfd-8efb-4659-8b7a-6e72aa4e8a7a, 5 ,3 ,1 ,3 ,2
18, c1d152f3-971f-4610-817b-aa550944f0bb, 5 ,1 ,1 ,5 ,2
18, 22ceaaac-4ac6-4a55-8295-b0f193601a7a, 3 ,2 ,5 ,2 ,5
18, b126098b-7d9b-41f4-b0a7-54d3b59bf550, 2 ,4 ,3 ,4 ,5
18, 2a23d4a9-118c-4fdd-aa10-2e3823955cb7, 5 ,1 ,5 ,2 ,1
18, 054ca7e0-c414-412e-b0de-0f0af8c0b19b, 5 ,1 ,5 ,3 ,3
18, 2b9baa09-680b-498c-a3c7-6e4588d65ec0, 3 ,3 ,2 ,2 ,5
18, f1bfa2ef-48d4-40a8-827a-804255730912, 1 ,4 ,3 ,1 ,4
18, d18b6fd7-ffa2-4c5e-b7d9-9661f6abfc9a, 1 ,5 ,5 ,1 ,4
18, 46225928-5342-4151-a7bb-4f6434e90002, 3 ,4 ,3 ,4 ,1
18, 5b6297da-29c9-4498-a164-9d0a4c8b0ec5, 4 ,2 ,4 ,2 ,3
18, 3c68a596-3e54-4cdc-a287-9d2944f51ab6, 2 ,5 ,4 ,4 ,1
19, 2b9baa09-680b-498c-a3c7-6e4588d65ec0, 3 ,4 ,2 ,3 ,5
19, c2f7f20d-1dfa-48ff-b8fa-5fd688462600, 1 ,5 ,5 ,4 ,4
19, 3b87a67b-a801-408e-a611-762af5877b59, 2 ,5 ,3 ,2 ,4
19, a5bab240-99d2-4f53-9c25-0498778cd231, 3 ,3 ,3 ,5 ,2
19, 3c68a596-3e54-4cdc-a287-9d2944f51ab6, 2 ,5 ,5 ,5 ,1
19, 2a23d4a9-118c-4fdd-aa10-2e3823955cb7, 5 ,1 ,5 ,2 ,1
19, 0c064720-5951-4125-86a6-f26d00516dd3, 1 ,3 ,5 ,1 ,5
19, f1bfa2ef-48d4-40a8-827a-804255730912, 1 ,4 ,2 ,2 ,5
19, a16cee66-d6a4-4bf8-ba6a-cdc02860a2f4, 2 ,2 ,4 ,5 ,5
19, 22ceaaac-4ac6-4a55-8295-b0f193601a7a, 3 ,1 ,4 ,1 ,4
19, 64d62df6-7291-4908-bf96-a8c956141c82, 4 ,4 ,1 ,3 ,1
19, d18b6fd7-ffa2-4c5e-b7d9-9661f6abfc9a, 1 ,5 ,4 ,1 ,4
19, c1d152f3-971f-4610-817b-aa550944f0bb, 5 ,1 ,1 ,5 ,2
19, 3e493a00-9b8b-4661-b46a-8ba0c13fa7d8, 4 ,3 ,2 ,4 ,3
19, d687ff17-c3d4-4bfb-8a87-6661d6c5d9c8, 4 ,2 ,3 ,4 ,3
19, 03da4ebd-f910-46e0-bd94-f8921a296a32, 3 ,3 ,2 ,2 ,2
19, d9d5cea5-26b5-43d9-8098-9a96fa3330cd, 2 ,4 ,1 ,4 ,2
19, 03c8480b-7a96-4764-8ac7-8d98171b6954, 5 ,2 ,3 ,1 ,3
19, 054ca7e0-c414-412e-b0de-0f0af8c0b19b, 4 ,2 ,5 ,1 ,3
19, 0aac9270-3e2c-4090-a23c-cc58f5ea76c7, 1 ,5 ,3 ,2 ,4
19, 46225928-5342-4151-a7bb-4f6434e90002, 3 ,4 ,2 ,4 ,1
19, b126098b-7d9b-41f4-b0a7-54d3b59bf550, 2 ,4 ,1 ,3 ,5
19, 5d1ef66a-6057-4c80-bc95-ad8c51c37f09, 5 ,1 ,4 ,5 ,1
19, 5b6297da-29c9-4498-a164-9d0a4c8b0ec5, 4 ,2 ,4 ,3 ,3
19, 38c6bbfd-8efb-4659-8b7a-6e72aa4e8a7a, 5 ,3 ,1 ,3 ,2
20, b126098b-7d9b-41f4-b0a7-54d3b59bf550, 2 ,4 ,2 ,4 ,5
20, c2f7f20d-1dfa-48ff-b8fa-5fd688462600, 1 ,5 ,5 ,4 ,4
20, 3b87a67b-a801-408e-a611-762af5877b59, 2 ,5 ,3 ,2 ,4
20, 2a23d4a9-118c-4fdd-aa10-2e3823955cb7, 5 ,1 ,5 ,2 ,1
20, 03da4ebd-f910-46e0-bd94-f8921a296a32, 3 ,4 ,2 ,2 ,2
20, f1bfa2ef-48d4-40a8-827a-804255730912, 1 ,3 ,2 ,2 ,5
20, 3e493a00-9b8b-4661-b46a-8ba0c13fa7d8, 4 ,3 ,1 ,3 ,3
20, 22ceaaac-4ac6-4a55-8295-b0f193601a7a, 3 ,1 ,4 ,1 ,4
20, a16cee66-d6a4-4bf8-ba6a-cdc02860a2f4, 2 ,1 ,4 ,3 ,5
20, 5b6297da-29c9-4498-a164-9d0a4c8b0ec5, 4 ,2 ,4 ,3 ,3
20, 2b9baa09-680b-498c-a3c7-6e4588d65ec0, 2 ,4 ,1 ,3 ,5
20, 38c6bbfd-8efb-4659-8b7a-6e72aa4e8a7a, 5 ,4 ,1 ,3 ,2
20, 3c68a596-3e54-4cdc-a287-9d2944f51ab6, 2 ,5 ,5 ,5 ,1
20, d687ff17-c3d4-4bfb-8a87-6661d6c5d9c8, 4 ,2 ,3 ,4 ,3
20, c1d152f3-971f-4610-817b-aa550944f0bb, 5 ,1 ,1 ,5 ,2
20, 46225928-5342-4151-a7bb-4f6434e90002, 3 ,4 ,2 ,4 ,1
20, 0aac9270-3e2c-4090-a23c-cc58f5ea76c7, 1 ,5 ,4 ,2 ,4
20, 64d62df6-7291-4908-bf96-a8c956141c82, 4 ,3 ,2 ,5 ,1
20, d9d5cea5-26b5-43d9-8098-9a96fa3330cd, 3 ,4 ,4 ,4 ,2
20, 054ca7e0-c414-412e-b0de-0f0af8c0b19b, 4 ,2 ,5 ,1 ,3
20, 03c8480b-7a96-4764-8ac7-8d98171b6954, 5 ,2 ,3 ,1 ,3
20, 0c064720-5951-4125-86a6-f26d00516dd3, 1 ,3 ,5 ,1 ,5
20, a5bab240-99d2-4f53-9c25-0498778cd231, 3 ,2 ,3 ,5 ,2
20, d18b6fd7-ffa2-4c5e-b7d9-9661f6abfc9a, 1 ,5 ,4 ,1 ,4
20, 5d1ef66a-6057-4c80-bc95-ad8c51c37f09, 5 ,1 ,4 ,5 ,1
21, d18b6fd7-ffa2-4c5e-b7d9-9661f6abfc9a, 1 ,5 ,5 ,1 ,4
21, 3b87a67b-a801-408e-a611-762af5877b59, 1 ,5 ,2 ,3 ,4
21, 03da4ebd-f910-46e0-bd94-f8921a296a32, 3 ,3 ,2 ,2 ,2
21, 0c064720-5951-4125-86a6-f26d00516dd3, 2 ,3 ,5 ,1 ,5
21, 3c68a596-3e54-4cdc-a287-9d2944f51ab6, 1 ,5 ,4 ,3 ,1
21, 5d1ef66a-6057-4c80-bc95-ad8c51c37f09, 4 ,1 ,3 ,3 ,1
21, 64d62df6-7291-4908-bf96-a8c956141c82, 4 ,4 ,1 ,5 ,1
21, d687ff17-c3d4-4bfb-8a87-6661d6c5d9c8, 3 ,2 ,3 ,4 ,3
21, d9d5cea5-26b5-43d9-8098-9a96fa3330cd, 2 ,3 ,3 ,5 ,2
21, a16cee66-d6a4-4bf8-ba6a-cdc02860a2f4, 2 ,2 ,4 ,4 ,5
21, a5bab240-99d2-4f53-9c25-0498778cd231, 3 ,4 ,3 ,5 ,2
21, 054ca7e0-c414-412e-b0de-0f0af8c0b19b, 5 ,2 ,5 ,2 ,3
21, 3e493a00-9b8b-4661-b46a-8ba0c13fa7d8, 4 ,4 ,1 ,4 ,3
21, c1d152f3-971f-4610-817b-aa550944f0bb, 5 ,1 ,1 ,5 ,2
21, c2f7f20d-1dfa-48ff-b8fa-5fd688462600, 1 ,5 ,5 ,3 ,4
21, 5b6297da-29c9-4498-a164-9d0a4c8b0ec5, 4 ,2 ,4 ,2 ,3
21, 46225928-5342-4151-a7bb-4f6434e90002, 3 ,4 ,3 ,4 ,1
21, 22ceaaac-4ac6-4a55-8295-b0f193601a7a, 4 ,1 ,5 ,2 ,4
21, 03c8480b-7a96-4764-8ac7-8d98171b6954, 5 ,2 ,3 ,1 ,3
21, f1bfa2ef-48d4-40a8-827a-804255730912, 2 ,3 ,2 ,5 ,5
21, 0aac9270-3e2c-4090-a23c-cc58f5ea76c7, 1 ,5 ,4 ,1 ,4
21, b126098b-7d9b-41f4-b0a7-54d3b59bf550, 2 ,2 ,2 ,3 ,5
21, 2a23d4a9-118c-4fdd-aa10-2e3823955cb7, 5 ,1 ,5 ,2 ,1
21, 38c6bbfd-8efb-4659-8b7a-6e72aa4e8a7a, 5 ,5 ,1 ,1 ,2
21, 2b9baa09-680b-498c-a3c7-6e4588d65ec0, 3 ,5 ,1 ,4 ,5
22, c2f7f20d-1dfa-48ff-b8fa-5fd688462600, 1 ,5 ,5 ,3 ,4
22, 38c6bbfd-8efb-4659-8b7a-6e72aa4e8a7a, 5 ,5 ,1 ,1 ,2
22, 22ceaaac-4ac6-4a55-8295-b0f193601a7a, 4 ,1 ,5 ,3 ,4
22, c1d152f3-971f-4610-817b-aa550944f0bb, 5 ,1 ,1 ,5 ,2
22, 3b87a67b-a801-408e-a611-762af5877b59, 1 ,5 ,2 ,3 ,4
22, f1bfa2ef-48d4-40a8-827a-804255730912, 1 ,3 ,2 ,5 ,5
22, 5d1ef66a-6057-4c80-bc95-ad8c51c37f09, 5 ,1 ,2 ,3 ,1
22, d9d5cea5-26b5-43d9-8098-9a96fa3330cd, 2 ,4 ,4 ,5 ,2
22, 03da4ebd-f910-46e0-bd94-f8921a296a32, 4 ,3 ,2 ,2 ,2
22, 0aac9270-3e2c-4090-a23c-cc58f5ea76c7, 1 ,4 ,3 ,1 ,4
22, 054ca7e0-c414-412e-b0de-0f0af8c0b19b, 4 ,2 ,5 ,2 ,3
22, 2b9baa09-680b-498c-a3c7-6e4588d65ec0, 3 ,5 ,1 ,4 ,5
22, 0c064720-5951-4125-86a6-f26d00516dd3, 2 ,4 ,5 ,1 ,5
22, a5bab240-99d2-4f53-9c25-0498778cd231, 3 ,2 ,4 ,5 ,2
22, 5b6297da-29c9-4498-a164-9d0a4c8b0ec5, 4 ,2 ,4 ,2 ,3
22, d18b6fd7-ffa2-4c5e-b7d9-9661f6abfc9a, 1 ,5 ,5 ,1 ,4
22, 03c8480b-7a96-4764-8ac7-8d98171b6954, 5 ,1 ,3 ,1 ,3
22, b126098b-7d9b-41f4-b0a7-54d3b59bf550, 2 ,3 ,2 ,2 ,5
22, 64d62df6-7291-4908-bf96-a8c956141c82, 3 ,4 ,1 ,5 ,1
22, d687ff17-c3d4-4bfb-8a87-6661d6c5d9c8, 3 ,2 ,3 ,2 ,3
22, 46225928-5342-4151-a7bb-4f6434e90002, 3 ,4 ,3 ,4 ,1
22, 3e493a00-9b8b-4661-b46a-8ba0c13fa7d8, 4 ,4 ,1 ,4 ,3
22, 3c68a596-3e54-4cdc-a287-9d2944f51ab6, 2 ,4 ,4 ,4 ,1
22, 2a23d4a9-118c-4fdd-aa10-2e3823955cb7, 5 ,1 ,3 ,3 ,1
22, a16cee66-d6a4-4bf8-ba6a-cdc02860a2f4, 2 ,2 ,4 ,4 ,5
23, d18b6fd7-ffa2-4c5e-b7d9-9661f6abfc9a, 6 ,6 ,6 ,6 ,6
23, 03da4ebd-f910-46e0-bd94-f8921a296a32, 6 ,6 ,6 ,6 ,6
23, 0c064720-5951-4125-86a6-f26d00516dd3, 6 ,6 ,6 ,6 ,6
23, 5d1ef66a-6057-4c80-bc95-ad8c51c37f09, 6 ,6 ,6 ,6 ,6
23, d9d5cea5-26b5-43d9-8098-9a96fa3330cd, 6 ,6 ,6 ,6 ,6
23, 38c6bbfd-8efb-4659-8b7a-6e72aa4e8a7a, 6 ,6 ,6 ,6 ,6
23, 2b9baa09-680b-498c-a3c7-6e4588d65ec0, 6 ,6 ,6 ,6 ,6
23, 3b87a67b-a801-408e-a611-762af5877b59, 6 ,6 ,6 ,6 ,6
23, 3c68a596-3e54-4cdc-a287-9d2944f51ab6, 6 ,6 ,6 ,6 ,6
23, b126098b-7d9b-41f4-b0a7-54d3b59bf550, 6 ,6 ,6 ,6 ,6
23, d687ff17-c3d4-4bfb-8a87-6661d6c5d9c8, 6 ,6 ,6 ,6 ,6
23, 5b6297da-29c9-4498-a164-9d0a4c8b0ec5, 6 ,6 ,6 ,6 ,6
23, f1bfa2ef-48d4-40a8-827a-804255730912, 6 ,6 ,6 ,6 ,6
23, 64d62df6-7291-4908-bf96-a8c956141c82, 6 ,6 ,6 ,6 ,6
23, a5bab240-99d2-4f53-9c25-0498778cd231, 6 ,6 ,6 ,6 ,6
23, 2a23d4a9-118c-4fdd-aa10-2e3823955cb7, 6 ,6 ,6 ,6 ,6
23, c1d152f3-971f-4610-817b-aa550944f0bb, 6 ,6 ,6 ,6 ,6
23, 22ceaaac-4ac6-4a55-8295-b0f193601a7a, 6 ,6 ,6 ,6 ,6
23, 0aac9270-3e2c-4090-a23c-cc58f5ea76c7, 6 ,6 ,6 ,6 ,6
23, c2f7f20d-1dfa-48ff-b8fa-5fd688462600, 6 ,6 ,6 ,6 ,6
23, 46225928-5342-4151-a7bb-4f6434e90002, 6 ,6 ,6 ,6 ,6
23, a16cee66-d6a4-4bf8-ba6a-cdc02860a2f4, 6 ,6 ,6 ,6 ,6
23, 054ca7e0-c414-412e-b0de-0f0af8c0b19b, 6 ,6 ,6 ,6 ,6
23, 3e493a00-9b8b-4661-b46a-8ba0c13fa7d8, 6 ,6 ,6 ,6 ,6
23, 03c8480b-7a96-4764-8ac7-8d98171b6954, 6 ,6 ,6 ,6 ,6
hour,id,Equalityweight,ProductivityWeight,UtilityWeight,NeedsWeight,SupplyAndDemandWeight
0, 4f4e5dd7-a3e2-4e20-93fa-008521231116, 1 ,1 ,1 ,1 ,1
1, 4f4e5dd7-a3e2-4e20-93fa-008521231116, 1 ,1 ,1 ,1 ,1
2, 4f4e5dd7-a3e2-4e20-93fa-008521231116, 1 ,1 ,1 ,1 ,1
3, 4f4e5dd7-a3e2-4e20-93fa-008521231116, 1 ,1 ,1 ,1 ,1
4, 4f4e5dd7-a3e2-4e20-93fa-008521231116, 1 ,1 ,1 ,1 ,1
5, 4f4e5dd7-a3e2-4e20-93fa-008521231116, 1 ,1 ,1 ,1 ,1
6, 4f4e5dd7-a3e2-4e20-93fa-008521231116, 1 ,1 ,1 ,1 ,1
7, 4f4e5dd7-a3e2-4e20-93fa-008521231116, 1 ,1 ,1 ,1 ,1
8, 4f4e5dd7-a3e2-4e20-93fa-008521231116, 1 ,1 ,1 ,1 ,1
9, 4f4e5dd7-a3e2-4e20-93fa-008521231116, 1 ,1 ,1 ,1 ,1
10, 4f4e5dd7-a3e2-4e20-93fa-008521231116, 2 ,2 ,2 ,2 ,2
11, 4f4e5dd7-a3e2-4e20-93fa-008521231116, 1 ,1 ,1 ,1 ,1
12, 4f4e5dd7-a3e2-4e20-93fa-008521231116, 1 ,1 ,1 ,1 ,1
13, 4f4e5dd7-a3e2-4e20-93fa-008521231116, 1 ,1 ,1 ,1 ,1
14, 4f4e5dd7-a3e2-4e20-93fa-008521231116, 1 ,1 ,1 ,1 ,1
15, 4f4e5dd7-a3e2-4e20-93fa-008521231116, 1 ,1 ,1 ,1 ,1
16, 4f4e5dd7-a3e2-4e20-93fa-008521231116, 1 ,1 ,1 ,1 ,1
17, 4f4e5dd7-a3e2-4e20-93fa-008521231116, 1 ,1 ,1 ,1 ,1
18, 4f4e5dd7-a3e2-4e20-93fa-008521231116, 1 ,1 ,1 ,1 ,1
19, 4f4e5dd7-a3e2-4e20-93fa-008521231116, 1 ,1 ,1 ,1 ,1
20, 4f4e5dd7-a3e2-4e20-93fa-008521231116, 1 ,1 ,1 ,1 ,1
21, 4f4e5dd7-a3e2-4e20-93fa-008521231116, 1 ,1 ,1 ,1 ,1
22, 4f4e5dd7-a3e2-4e20-93fa-008521231116, 1 ,1 ,1 ,1 ,1
23, 4f4e5dd7-a3e2-4e20-93fa-008521231116, 1 ,1 ,1 ,1 ,1
hour,id,Equalityweight,ProductivityWeight,UtilityWeight,NeedsWeight,SupplyAndDemandWeight
hour,id,Equalityweight,ProductivityWeight,UtilityWeight,NeedsWeight,SupplyAndDemandWeight
hour,id,Equalityweight,ProductivityWeight,UtilityWeight,NeedsWeight,SupplyAndDemandWeight
hour,id,Equalityweight,ProductivityWeight,UtilityWeight,NeedsWeight,SupplyAndDemandWeight
hour,id,Equalityweight,ProductivityWeight,UtilityWeight,NeedsWeight,SupplyAndDemandWeight
hour,id,Equalityweight,ProductivityWeight,UtilityWeight,NeedsWeight,SupplyAndDemandWeight
0, d082f0a9-aad5-404f-abfc-115807c338b8, 1 ,1 ,1 ,1 ,1
1, d082f0a9-aad5-404f-abfc-115807c338b8, 1 ,1 ,1 ,1 ,1
2, d082f0a9-aad5-404f-abfc-115807c338b8, 1 ,1 ,1 ,1 ,1
3, d082f0a9-aad5-404f-abfc-115807c338b8, 1 ,1 ,1 ,1 ,1
4, d082f0a9-aad5-404f-abfc-115807c338b8, 1 ,1 ,1 ,1 ,1
5, d082f0a9-aad5-404f-abfc-115807c338b8, 1 ,1 ,1 ,1 ,1
6, d082f0a9-aad5-404f-abfc-115807c338b8, 1 ,1 ,1 ,1 ,1
7, d082f0a9-aad5-404f-abfc-115807c338b8, 1 ,1 ,1 ,1 ,1
8, d082f0a9-aad5-404f-abfc-115807c338b8, 1 ,1 ,1 ,1 ,1
9, d082f0a9-aad5-404f-abfc-115807c338b8, 1 ,1 ,1 ,1 ,1
10, d082f0a9-aad5-404f-abfc-115807c338b8, 2 ,2 ,2 ,2 ,2
11, d082f0a9-aad5-404f-abfc-115807c338b8, 1 ,1 ,1 ,1 ,1
12, d082f0a9-aad5-404f-abfc-115807c338b8, 1 ,1 ,1 ,1 ,1
13, d082f0a9-aad5-404f-abfc-115807c338b8, 1 ,1 ,1 ,1 ,1
14, d082f0a9-aad5-404f-abfc-115807c338b8, 1 ,1 ,1 ,1 ,1
15, d082f0a9-aad5-404f-abfc-115807c338b8, 1 ,1 ,1 ,1 ,1
16, d082f0a9-aad5-404f-abfc-115807c338b8, 1 ,1 ,1 ,1 ,1
17, d082f0a9-aad5-404f-abfc-115807c338b8, 1 ,1 ,1 ,1 ,1
18, d082f0a9-aad5-404f-abfc-115807c338b8, 1 ,1 ,1 ,1 ,1
19, d082f0a9-aad5-404f-abfc-115807c338b8, 1 ,1 ,1 ,1 ,1
20, d082f0a9-aad5-404f-abfc-115807c338b8, 1 ,1 ,1 ,1 ,1
21, d082f0a9-aad5-404f-abfc-115807c338b8, 1 ,1 ,1 ,1 ,1
22, d082f0a9-aad5-404f-abfc-115807c338b8, 1 ,1 ,1 ,1 ,1
23, d082f0a9-aad5-404f-abfc-115807c338b8, 1 ,1 ,1 ,1 ,1
24, d082f0a9-aad5-404f-abfc-115807c338b8, 1 ,1 ,1 ,1 ,1
25, d082f0a9-aad5-404f-abfc-115807c338b8, 1 ,1 ,1 ,1 ,1
26, d082f0a9-aad5-404f-abfc-115807c338b8, 1 ,1 ,1 ,1 ,1
27, d082f0a9-aad5-404f-abfc-115807c338b8, 1 ,1 ,1 ,1 ,1
28, d082f0a9-aad5-404f-abfc-115807c338b8, 1 ,1 ,1 ,1 ,1
29, d082f0a9-aad5-404f-abfc-115807c338b8, 1 ,1 ,1 ,1 ,1
30, d082f0a9-aad5-404f-abfc-115807c338b8, 1 ,1 ,1 ,1 ,1
31, d082f0a9-aad5-404f-abfc-115807c338b8, 1 ,1 ,1 ,1 ,1
32, d082f0a9-aad5-404f-abfc-115807c338b8, 1 ,1 ,1 ,1 ,1
33, d082f0a9-aad5-404f-abfc-115807c338b8, 1 ,1 ,1 ,1 ,1
34, d082f0a9-aad5-404f-abfc-115807c338b8, 2 ,2 ,2 ,2 ,2
35, d082f0a9-aad5-404f-abfc-115807c338b8, 1 ,1 ,1 ,1 ,1
36, d082f0a9-aad5-404f-abfc-115807c338b8, 1 ,1 ,1 ,1 ,1
37, d082f0a9-aad5-404f-abfc-115807c338b8, 1 ,1 ,1 ,1 ,1
38, d082f0a9-aad5-404f-abfc-115807c338b8, 1 ,1 ,1 ,1 ,1
39, d082f0a9-aad5-404f-abfc-115807c338b8, 1 ,1 ,1 ,1 ,1
40, d082f0a9-aad5-404f-abfc-115807c338b8, 1 ,1 ,1 ,1 ,1
41, d082f0a9-aad5-404f-abfc-115807c338b8, 1 ,1 ,1 ,1 ,1
42, d082f0a9-aad5-404f-abfc-115807c338b8, 1 ,1 ,1 ,1 ,1
43, d082f0a9-aad5-404f-abfc-115807c338b8, 1 ,1 ,1 ,1 ,1
44, d082f0a9-aad5-404f-abfc-115807c338b8, 1 ,1 ,1 ,1 ,1
45, d082f0a9-aad5-404f-abfc-115807c338b8, 1 ,1 ,1 ,1 ,1
46, d082f0a9-aad5-404f-abfc-115807c338b8, 1 ,1 ,1 ,1 ,1
47, d082f0a9-aad5-404f-abfc-115807c338b8, 1 ,1 ,1 ,1 ,1
48, d082f0a9-aad5-404f-abfc-115807c338b8, 1 ,1 ,1 ,1 ,1
49, d082f0a9-aad5-404f-abfc-115807c338b8, 1 ,1 ,1 ,1 ,1
50, d082f0a9-aad5-404f-abfc-115807c338b8, 1 ,1 ,1 ,1 ,1
51, d082f0a9-aad5-404f-abfc-115807c338b8, 1 ,1 ,1 ,1 ,1
52, d082f0a9-aad5-404f-abfc-115807c338b8, 1 ,1 ,1 ,1 ,1
53, d082f0a9-aad5-404f-abfc-115807c338b8, 1 ,1 ,1 ,1 ,1
54, d082f0a9-aad5-404f-abfc-115807c338b8, 1 ,1 ,1 ,1 ,1
55, d082f0a9-aad5-404f-abfc-115807c338b8, 1 ,1 ,1 ,1 ,1
56, d082f0a9-aad5-404f-abfc-115807c338b8, 1 ,1 ,1 ,1 ,1
57, d082f0a9-aad5-404f-abfc-115807c338b8, 1 ,1 ,1 ,1 ,1
58, d082f0a9-aad5-404f-abfc-115807c338b8, 2 ,2 ,2 ,2 ,2
59, d082f0a9-aad5-404f-abfc-115807c338b8, 1 ,1 ,1 ,1 ,1
60, d082f0a9-aad5-404f-abfc-115807c338b8, 1 ,1 ,1 ,1 ,1
61, d082f0a9-aad5-404f-abfc-115807c338b8, 1 ,1 ,1 ,1 ,1
62, d082f0a9-aad5-404f-abfc-115807c338b8, 1 ,1 ,1 ,1 ,1
63, d082f0a9-aad5-404f-abfc-115807c338b8, 1 ,1 ,1 ,1 ,1
64, d082f0a9-aad5-404f-abfc-115807c338b8, 1 ,1 ,1 ,1 ,1
65, d082f0a9-aad5-404f-abfc-115807c338b8, 1 ,1 ,1 ,1 ,1
66, d082f0a9-aad5-404f-abfc-115807c338b8, 1 ,1 ,1 ,1 ,1
67, d082f0a9-aad5-404f-abfc-115807c338b8, 1 ,1 ,1 ,1 ,1
68, d082f0a9-aad5-404f-abfc-115807c338b8, 1 ,1 ,1 ,1 ,1
69, d082f0a9-aad5-404f-abfc-115807c338b8, 1 ,1 ,1 ,1 ,1
70, d082f0a9-aad5-404f-abfc-115807c338b8, 1 ,1 ,1 ,1 ,1
71, d082f0a9-aad5-404f-abfc-115807c338b8, 1 ,1 ,1 ,1 ,1
72, d082f0a9-aad5-404f-abfc-115807c338b8, 1 ,1 ,1 ,1 ,1
73, d082f0a9-aad5-404f-abfc-115807c338b8, 1 ,1 ,1 ,1 ,1
74, d082f0a9-aad5-404f-abfc-115807c338b8, 1 ,1 ,1 ,1 ,1
75, d082f0a9-aad5-404f-abfc-115807c338b8, 1 ,1 ,1 ,1 ,1
76, d082f0a9-aad5-404f-abfc-115807c338b8, 1 ,1 ,1 ,1 ,1
77, d082f0a9-aad5-404f-abfc-115807c338b8, 1 ,1 ,1 ,1 ,1
78, d082f0a9-aad5-404f-abfc-115807c338b8, 1 ,1 ,1 ,1 ,1
79, d082f0a9-aad5-404f-abfc-115807c338b8, 1 ,1 ,1 ,1 ,1
80, d082f0a9-aad5-404f-abfc-115807c338b8, 1 ,1 ,1 ,1 ,1
81, d082f0a9-aad5-404f-abfc-115807c338b8, 1 ,1 ,1 ,1 ,1
82, d082f0a9-aad5-404f-abfc-115807c338b8, 2 ,2 ,2 ,2 ,2
83, d082f0a9-aad5-404f-abfc-115807c338b8, 1 ,1 ,1 ,1 ,1
84, d082f0a9-aad5-404f-abfc-115807c338b8, 1 ,1 ,1 ,1 ,1
85, d082f0a9-aad5-404f-abfc-115807c338b8, 1 ,1 ,1 ,1 ,1
86, d082f0a9-aad5-404f-abfc-115807c338b8, 1 ,1 ,1 ,1 ,1
87, d082f0a9-aad5-404f-abfc-115807c338b8, 1 ,1 ,1 ,1 ,1
88, d082f0a9-aad5-404f-abfc-115807c338b8, 1 ,1 ,1 ,1 ,1
89, d082f0a9-aad5-404f-abfc-115807c338b8, 1 ,1 ,1 ,1 ,1
90, d082f0a9-aad5-404f-abfc-115807c338b8, 1 ,1 ,1 ,1 ,1
91, d082f0a9-aad5-404f-abfc-115807c338b8, 1 ,1 ,1 ,1 ,1
92, d082f0a9-aad5-404f-abfc-115807c338b8, 1 ,1 ,1 ,1 ,1
93, d082f0a9-aad5-404f-abfc-115807c338b8, 1 ,1 ,1 ,1 ,1
94, d082f0a9-aad5-404f-abfc-115807c338b8, 1 ,1 ,1 ,1 ,1
95, d082f0a9-aad5-404f-abfc-115807c338b8, 1 ,1 ,1 ,1 ,1
96, d082f0a9-aad5-404f-abfc-115807c338b8, 1 ,1 ,1 ,1 ,1
97, d082f0a9-aad5-404f-abfc-115807c338b8, 1 ,1 ,1 ,1 ,1
98, d082f0a9-aad5-404f-abfc-115807c338b8, 1 ,1 ,1 ,1 ,1
99, d082f0a9-aad5-404f-abfc-115807c338b8, 1 ,1 ,1 ,1 ,1
100, d082f0a9-aad5-404f-abfc-115807c338b8, 1 ,1 ,1 ,1 ,1
101, d082f0a9-aad5-404f-abfc-115807c338b8, 1 ,1 ,1 ,1 ,1
102, d082f0a9-aad5-404f-abfc-115807c338b8, 1 ,1 ,1 ,1 ,1
103, d082f0a9-aad5-404f-abfc-115807c338b8, 1 ,1 ,1 ,1 ,1
104, d082f0a9-aad5-404f-abfc-115807c338b8, 1 ,1 ,1 ,1 ,1
105, d082f0a9-aad5-404f-abfc-115807c338b8, 1 ,1 ,1 ,1 ,1
106, d082f0a9-aad5-404f-abfc-115807c338b8, 2 ,2 ,2 ,2 ,2
107, d082f0a9-aad5-404f-abfc-115807c338b8, 1 ,1 ,1 ,1 ,1
108, d082f0a9-aad5-404f-abfc-115807c338b8, 1 ,1 ,1 ,1 ,1
109, d082f0a9-aad5-404f-abfc-115807c338b8, 1 ,1 ,1 ,1 ,1
110, d082f0a9-aad5-404f-abfc-115807c338b8, 1 ,1 ,1 ,1 ,1
111, d082f0a9-aad5-404f-abfc-115807c338b8, 1 ,1 ,1 ,1 ,1
112, d082f0a9-aad5-404f-abfc-115807c338b8, 1 ,1 ,1 ,1 ,1
113, d082f0a9-aad5-404f-abfc-115807c338b8, 1 ,1 ,1 ,1 ,1
114, d082f0a9-aad5-404f-abfc-115807c338b8, 1 ,1 ,1 ,1 ,1
115, d082f0a9-aad5-404f-abfc-115807c338b8, 1 ,1 ,1 ,1 ,1
116, d082f0a9-aad5-404f-abfc-115807c338b8, 1 ,1 ,1 ,1 ,1
117, d082f0a9-aad5-404f-abfc-115807c338b8, 1 ,1 ,1 ,1 ,1
118, d082f0a9-aad5-404f-abfc-115807c338b8, 1 ,1 ,1 ,1 ,1
119, d082f0a9-aad5-404f-abfc-115807c338b8, 1 ,1 ,1 ,1 ,1
120, d082f0a9-aad5-404f-abfc-115807c338b8, 1 ,1 ,1 ,1 ,1
121, d082f0a9-aad5-404f-abfc-115807c338b8, 1 ,1 ,1 ,1 ,1
122, d082f0a9-aad5-404f-abfc-115807c338b8, 1 ,1 ,1 ,1 ,1
123, d082f0a9-aad5-404f-abfc-115807c338b8, 1 ,1 ,1 ,1 ,1
124, d082f0a9-aad5-404f-abfc-115807c338b8, 1 ,1 ,1 ,1 ,1
125, d082f0a9-aad5-404f-abfc-115807c338b8, 1 ,1 ,1 ,1 ,1
126, d082f0a9-aad5-404f-abfc-115807c338b8, 1 ,1 ,1 ,1 ,1
127, d082f0a9-aad5-404f-abfc-115807c338b8, 1 ,1 ,1 ,1 ,1
128, d082f0a9-aad5-404f-abfc-115807c338b8, 1 ,1 ,1 ,1 ,1
129, d082f0a9-aad5-404f-abfc-115807c338b8, 1 ,1 ,1 ,1 ,1
130, d082f0a9-aad5-404f-abfc-115807c338b8, 2 ,2 ,2 ,2 ,2
131, d082f0a9-aad5-404f-abfc-115807c338b8, 1 ,1 ,1 ,1 ,1
132, d082f0a9-aad5-404f-abfc-115807c338b8, 1 ,1 ,1 ,1 ,1
133, d082f0a9-aad5-404f-abfc-115807c338b8, 1 ,1 ,1 ,1 ,1
134, d082f0a9-aad5-404f-abfc-115807c338b8, 1 ,1 ,1 ,1 ,1
135, d082f0a9-aad5-404f-abfc-115807c338b8, 1 ,1 ,1 ,1 ,1
136, d082f0a9-aad5-404f-abfc-115807c338b8, 1 ,1 ,1 ,1 ,1
137, d082f0a9-aad5-404f-abfc-115807c338b8, 1 ,1 ,1 ,1 ,1
138, d082f0a9-aad5-404f-abfc-115807c338b8, 1 ,1 ,1 ,1 ,1
139, d082f0a9-aad5-404f-abfc-115807c338b8, 1 ,1 ,1 ,1 ,1
140, d082f0a9-aad5-404f-abfc-115807c338b8, 1 ,1 ,1 ,1 ,1
141, d082f0a9-aad5-404f-abfc-115807c338b8, 1 ,1 ,1 ,1 ,1
142, d082f0a9-aad5-404f-abfc-115807c338b8, 1 ,1 ,1 ,1 ,1
143, d082f0a9-aad5-404f-abfc-115807c338b8, 1 ,1 ,1 ,1 ,1
144, d082f0a9-aad5-404f-abfc-115807c338b8, 1 ,1 ,1 ,1 ,1
145, d082f0a9-aad5-404f-abfc-115807c338b8, 1 ,1 ,1 ,1 ,1
146, d082f0a9-aad5-404f-abfc-115807c338b8, 1 ,1 ,1 ,1 ,1
147, d082f0a9-aad5-404f-abfc-115807c338b8, 1 ,1 ,1 ,1 ,1
148, d082f0a9-aad5-404f-abfc-115807c338b8, 1 ,1 ,1 ,1 ,1
149, d082f0a9-aad5-404f-abfc-115807c338b8, 1 ,1 ,1 ,1 ,1
150, d082f0a9-aad5-404f-abfc-115807c338b8, 1 ,1 ,1 ,1 ,1
151, d082f0a9-aad5-404f-abfc-115807c338b8, 1 ,1 ,1 ,1 ,1
152, d082f0a9-aad5-404f-abfc-115807c338b8, 1 ,1 ,1 ,1 ,1
153, d082f0a9-aad5-404f-abfc-115807c338b8, 1 ,1 ,1 ,1 ,1
154, d082f0a9-aad5-404f-abfc-115807c338b8, 2 ,2 ,2 ,2 ,2
155, d082f0a9-aad5-404f-abfc-115807c338b8, 1 ,1 ,1 ,1 ,1
156, d082f0a9-aad5-404f-abfc-115807c338b8, 1 ,1 ,1 ,1 ,1
157, d082f0a9-aad5-404f-abfc-115807c338b8, 1 ,1 ,1 ,1 ,1
158, d082f0a9-aad5-404f-abfc-115807c338b8, 1 ,1 ,1 ,1 ,1
159, d082f0a9-aad5-404f-abfc-115807c338b8, 1 ,1 ,1 ,1 ,1
160, d082f0a9-aad5-404f-abfc-115807c338b8, 1 ,1 ,1 ,1 ,1
161, d082f0a9-aad5-404f-abfc-115807c338b8, 1 ,1 ,1 ,1 ,1
162, d082f0a9-aad5-404f-abfc-115807c338b8, 1 ,1 ,1 ,1 ,1
163, d082f0a9-aad5-404f-abfc-115807c338b8, 1 ,1 ,1 ,1 ,1
164, d082f0a9-aad5-404f-abfc-115807c338b8, 1 ,1 ,1 ,1 ,1
165, d082f0a9-aad5-404f-abfc-115807c338b8, 1 ,1 ,1 ,1 ,1
166, d082f0a9-aad5-404f-abfc-115807c338b8, 1 ,1 ,1 ,1 ,1
167, d082f0a9-aad5-404f-abfc-115807c338b8, 1 ,1 ,1 ,1 ,1
