hour, name , Request D , Request G, Productivity, Social Utility
0, parent0agent4, 0.42266156955842094, 0.0,1,2
0, parent0agent2, 0.4223751414622553, 0.0,0,4
0, parent2agent4, 0.42335920684496275, 0.0,3,2
0, parent3agent3, 0.42124074392961297, 0.0,3,0
0, parent2agent3, 0.423029727279946, 0.0,4,1
0, parent2agent1, 0.4219819975035689, 1.1402225827096812,3,4
0, parent1agent1, 0.4229156511803199, 1.1394789225640842,0,2
0, parent4agent0, 0.42036376669449266, 1.1397331546896599,0,2
0, parent3agent4, 0.4225569949715718, 0.0,4,3
0, parent4agent1, 0.4208591906624361, 1.1414649456989874,4,1
0, parent4agent4, 0.42281177235683787, 0.0,2,1
0, parent2agent0, 0.42204437008337, 1.1395579803255946,0,3
0, parent1agent2, 0.42238942160258197, 0.0,0,1
0, parent0agent0, 0.4224942283110269, 1.143316613560192,4,0
0, parent3agent1, 0.4236807616751406, 1.1371225907846232,3,1
0, parent1agent3, 0.4231452676443669, 0.0,1,1
0, parent0agent1, 0.4228415072260076, 1.1398221237090242,0,0
0, parent1agent4, 0.4238019480374875, 0.0,1,0
0, parent0agent3, 0.4230729497585889, 0.0,2,3
0, parent2agent2, 0.42077972583213696, 0.0,1,0
0, parent4agent3, 0.4230860298562906, 0.0,1,3
0, parent4agent2, 0.42232087270504154, 0.0,2,4
0, parent3agent2, 0.4218400155395822, 0.0,4,3
0, parent1agent0, 0.4202538259094439, 1.141437244286586,1,1
0, parent3agent0, 0.4221714464759337, 1.1400937758781242,2,0
1, parent0agent0, 1.1679117839081352, 1.5162147366522611,3,0
1, parent2agent2, 1.1650380332806705, 0.0,1,4
1, parent1agent2, 1.1584495529046477, 0.0,3,2
1, parent4agent3, 1.1607601025392889, 0.0,3,0
1, parent3agent3, 1.1606693827315713, 0.0,0,0
1, parent1agent1, 1.1592216417750347, 1.5264953446542595,1,4
1, parent3agent0, 1.1593739198627226, 1.5176472641706877,4,0
1, parent2agent4, 1.1585186261331213, 0.0,4,0
1, parent0agent4, 1.1592848884815232, 0.0,1,4
1, parent3agent1, 1.163539171016567, 1.5180404407458588,3,1
1, parent4agent0, 1.1602297516821833, 1.5174367591041897,2,0
1, parent1agent0, 1.1593112158527283, 1.5187897422255572,1,4
1, parent3agent4, 1.162147892366615, 0.0,0,4
1, parent4agent2, 1.161945490695979, 0.0,0,0
1, parent2agent3, 1.1616705462468542, 0.0,2,3
1, parent0agent2, 1.1632268218829949, 0.0,2,2
1, parent0agent1, 1.1585146505719555, 1.5195517143537305,2,3
1, parent0agent3, 1.1678901803951616, 0.0,0,1
1, parent4agent1, 1.1621463417247249, 1.5112261859956875,4,2
1, parent2agent0, 1.1637807769633235, 1.5220472395771134,2,2
1, parent2agent1, 1.1629749787229473, 1.5222420834115848,2,4
1, parent1agent4, 1.1609578732821388, 0.0,4,3
1, parent4agent4, 1.164736476337364, 0.0,2,1
1, parent1agent3, 1.1627359848829892, 0.0,4,1
1, parent3agent2, 1.159460200316702, 0.0,2,0
2, parent1agent2, 1.0039839016113343, 0.0,2,0
2, parent4agent4, 1.0043570230115322, 0.0,4,2
2, parent0agent3, 1.0051950135117798, 0.0,1,0
2, parent2agent2, 1.0038366104474932, 0.0,4,3
2, parent3agent2, 0.9990748165944967, 0.0,2,4
2, parent3agent3, 1.0038203664067966, 0.0,3,1
2, parent2agent1, 1.0023576071000535, 1.2852434042836012,3,0
2, parent1agent1, 1.0036018541609084, 1.2744819341323241,2,0
2, parent4agent0, 1.0023652177826137, 1.2750628705594627,1,0
2, parent2agent3, 1.00219261542095, 0.0,4,2
2, parent1agent0, 1.005669985446443, 1.281638624202974,3,4
2, parent2agent4, 1.0057918757626563, 0.0,3,2
2, parent3agent0, 0.9996775485142938, 1.28020084082296,0,3
2, parent1agent3, 1.0012297717667873, 0.0,0,1
2, parent3agent1, 1.0022597291554765, 1.279081233696558,1,2
2, parent0agent1, 1.002632618803414, 1.2819366929455422,4,2
2, parent1agent4, 1.0035085604046377, 0.0,4,3
2, parent4agent1, 1.0058735731847284, 1.282439311024366,3,3
2, parent0agent4, 1.0030893895911868, 0.0,0,2
2, parent0agent0, 1.0030510518218334, 1.2825468992922628,0,3
2, parent4agent2, 1.0031874973505648, 0.0,4,3
2, parent4agent3, 1.0030029566889802, 0.0,1,2
2, parent3agent4, 1.003258116096583, 0.0,0,4
2, parent2agent0, 1.0061227305892044, 1.2826572956320939,2,2
2, parent0agent2, 1.0072385288376726, 0.0,2,4
3, parent1agent1, 0.5815691612347065, 0.9980400059233752,3,2
3, parent0agent2, 0.5810812351744138, 0.0,2,4
3, parent0agent1, 0.5828124605459667, 0.999447241132141,1,0
3, parent2agent2, 0.5799460882170709, 0.0,2,4
3, parent3agent2, 0.5821872657803244, 0.0,3,0
3, parent0agent3, 0.5812841739149532, 0.0,2,0
3, parent2agent4, 0.5792352280251968, 0.0,0,0
3, parent4agent2, 0.5788942725724596, 0.0,0,2
3, parent4agent1, 0.5815565047379424, 1.001521370303747,3,2
3, parent3agent1, 0.582074021890478, 1.004984723105267,1,4
3, parent1agent3, 0.5807097342945494, 0.0,2,1
3, parent4agent4, 0.5825501442549171, 0.0,4,3
3, parent1agent4, 0.579640070805108, 0.0,2,4
3, parent3agent3, 0.5795756683108588, 0.0,2,3
3, parent3agent4, 0.579340008398863, 0.0,3,0
3, parent1agent2, 0.5803387853585101, 0.0,2,1
3, parent0agent0, 0.579492039106526, 1.0001442739969488,0,1
3, parent0agent4, 0.5823938697174089, 0.0,1,3
3, parent4agent0, 0.5803900704175452, 0.9969645829604326,4,1
3, parent2agent3, 0.5811450324098009, 0.0,1,2
3, parent4agent3, 0.583894888650168, 0.0,3,1
3, parent3agent0, 0.5799552267894379, 0.9979558122103352,0,1
3, parent2agent0, 0.5830785917402681, 1.0040257633392846,4,4
3, parent1agent0, 0.580672474045024, 1.000810410401783,0,3
3, parent2agent1, 0.5804555749429637, 0.9981794580099567,2,4
4, parent2agent1, 0.4224376511074797, 1.1101708622189972,4,4
4, parent4agent1, 0.4200725838880381, 1.1082407737671254,2,1
4, parent4agent3, 0.42147453666969226, 0.0,0,2
4, parent1agent4, 0.42175338913143856, 0.0,4,2
4, parent3agent1, 0.4215126499370802, 1.1151448252586875,1,4
4, parent1agent2, 0.4235183296565054, 0.0,3,1
4, parent1agent3, 0.42264760952342395, 0.0,0,4
4, parent0agent2, 0.42210226040496723, 0.0,1,3
4, parent3agent2, 0.42243429701110147, 0.0,1,2
4, parent4agent0, 0.42348439653562314, 1.1116792080383682,1,3
4, parent3agent4, 0.4236691711519818, 0.0,3,4
4, parent3agent0, 0.4205153472724593, 1.110193239694505,3,1
4, parent0agent1, 0.4226550585775073, 1.1116251466422205,2,4
4, parent2agent3, 0.4226316613657209, 0.0,2,0
4, parent3agent3, 0.42154612317282564, 0.0,4,0
4, parent0agent4, 0.421621962536214, 0.0,4,4
4, parent0agent3, 0.42399163430282727, 0.0,0,0
4, parent0agent0, 0.424466222267484, 1.1140123408506235,0,2
4, parent2agent2, 0.42212194603367914, 0.0,0,0
4, parent4agent2, 0.42387606589102256, 0.0,0,3
4, parent2agent4, 0.42184204009869386, 0.0,0,3
4, parent2agent0, 0.4229136354095013, 1.1093160196487906,3,1
4, parent4agent4, 0.4220376648137032, 0.0,4,1
4, parent1agent1, 0.42294111455205724, 1.106899237257996,0,1
4, parent1agent0, 0.4224069895407802, 1.1112924263501625,4,4
5, parent2agent0, 0.3696190040528812, 1.012629922369548,3,0
5, parent4agent1, 0.36970033807375385, 1.0106941326741787,1,2
5, parent3agent3, 0.36943657644381045, 0.02081383199558464,4,3
5, parent1agent4, 0.3689141540463363, 0.02081695516503683,0,2
5, parent1agent3, 0.36981006106398295, 0.02080257845578838,2,0
5, parent0agent3, 0.37048636678343116, 0.020839044384665478,3,3
5, parent3agent1, 0.36903291684697287, 1.0106748487630874,4,3
5, parent1agent2, 0.36878609198947765, 0.020832571451342166,0,4
5, parent3agent2, 0.37082257347382075, 0.020907391295927533,4,2
5, parent3agent0, 0.36970642188252867, 1.0119245560538086,1,1
5, parent3agent4, 0.3703901712846392, 0.02082823792873427,3,4
5, parent4agent2, 0.3699847900689197, 0.020737718387945667,2,2
5, parent2agent2, 0.3697808025189235, 0.02088635029926565,2,0
5, parent0agent4, 0.3689565160785531, 0.020829900425306726,1,3
5, parent4agent3, 0.369665383205293, 0.020788510737245556,3,0
5, parent2agent1, 0.36971926873692434, 1.0083258746701702,3,3
5, parent2agent4, 0.3696835264455798, 0.02085999840279405,2,1
5, parent4agent4, 0.36962356616669745, 0.020755445719541656,0,3
5, parent4agent0, 0.3693209141151425, 1.009110381801296,0,1
5, parent1agent0, 0.3695323749684256, 1.0107657236381293,1,2
5, parent0agent2, 0.3712920982086561, 0.020797032796528434,3,0
5, parent0agent0, 0.36859660368977937, 1.0094283121812,4,1
5, parent1agent1, 0.3696520797452459, 1.0110222850004786,2,2
5, parent0agent1, 0.36903810392025366, 1.0091754408182043,4,4
5, parent2agent3, 0.3688980280017173, 0.02090447646588973,3,0
6, parent1agent4, 1.1081880139867784, 0.06918658695716841,4,4
6, parent1agent2, 1.1094781317481293, 0.06911597162201967,2,2
6, parent0agent1, 1.1114513902068912, 1.6418068113292763,4,2
6, parent2agent3, 1.1060684984376312, 0.0691331338774057,1,0
6, parent3agent2, 1.1070112135876604, 0.06908514281534821,4,4
6, parent1agent3, 1.1076389044432395, 0.06891373769340606,1,2
6, parent4agent0, 1.1082317022428447, 1.6405859212625549,1,4
6, parent2agent1, 1.1085036096842609, 1.6425282322454926,3,4
6, parent0agent0, 1.109897278852625, 1.6367508628528964,3,1
6, parent0agent2, 1.1095059415897184, 0.06906164985915787,2,4
6, parent3agent4, 1.110667627840759, 0.06917831691468795,2,0
6, parent2agent4, 1.1094272504540235, 0.06915258054538123,3,2
6, parent1agent0, 1.1092967519318235, 1.6397570805758646,0,0
6, parent4agent3, 1.1094205932475991, 0.0690853070326201,2,0
6, parent4agent2, 1.1086939991470643, 0.06930158944320344,3,0
6, parent3agent1, 1.1077739446098884, 1.6370938000119524,4,2
6, parent2agent0, 1.1082278221503585, 1.6412166965611499,3,3
6, parent4agent4, 1.1095744867656976, 0.06922047796150309,2,2
6, parent2agent2, 1.1120798996479644, 0.0692652678515178,4,2
6, parent1agent1, 1.110774481701213, 1.6427716460049446,4,0
6, parent0agent3, 1.1085601754436603, 0.06909287810961867,4,2
6, parent0agent4, 1.1148322912369675, 0.06928866440346328,2,4
6, parent3agent0, 1.103475419580463, 1.6427457835074304,1,0
6, parent4agent1, 1.1071468614231235, 1.6430169102917025,3,4
6, parent3agent3, 1.111132924471386, 0.06869085604035405,2,3
7, parent0agent1, 1.6802721167851888, 2.0720885471546118,3,3
7, parent3agent4, 1.6795214811189936, 0.2942990727133352,3,4
7, parent0agent3, 1.685640730611698, 0.294799484921308,4,2
7, parent2agent0, 1.6783198880361965, 2.0858725346193747,1,3
7, parent0agent0, 1.6849651236315357, 2.087999612558009,1,3
7, parent2agent1, 1.686040517425385, 2.0765843446944285,4,1
7, parent1agent1, 1.6835277680580059, 2.075997234829558,3,2
7, parent4agent1, 1.6797707940319493, 2.0852656886897165,3,3
7, parent3agent2, 1.6881799661338563, 0.29472344070185663,1,3
7, parent3agent0, 1.6884909952210272, 2.079798790217502,4,4
7, parent1agent2, 1.6855398447986498, 0.29494799049699655,2,0
7, parent0agent4, 1.6858393925392863, 0.2953929113962783,0,2
7, parent1agent0, 1.6830092446195726, 2.075504507027283,4,2
7, parent3agent3, 1.6828555386265756, 0.2947192587088203,1,2
7, parent2agent4, 1.6898700712407164, 0.29388034828785586,0,4
7, parent3agent1, 1.6866962202212257, 2.0760397313930534,2,0
7, parent0agent2, 1.6894509136526923, 0.2945380544046559,4,4
7, parent4agent2, 1.6841149423240525, 0.2942431073721942,2,2
7, parent4agent0, 1.6823365873077243, 2.07820041711874,1,4
7, parent1agent3, 1.6851473547842455, 0.29370744576962693,1,0
7, parent4agent4, 1.6849369286150586, 0.29453610955165976,2,3
7, parent2agent2, 1.685035604127175, 0.295019836082078,0,3
7, parent2agent3, 1.678218537693069, 0.29385689060210074,4,1
7, parent1agent4, 1.6814625138330392, 0.29451092643919763,1,3
7, parent4agent3, 1.680144039424886, 0.29498178266330505,2,2
8, parent3agent2, 1.2097656718748915, 0.5603639113620872,0,4
8, parent4agent0, 1.210026178295965, 2.6244125740372564,0,0
8, parent0agent3, 1.210898228300705, 0.5598080724506288,0,0
8, parent0agent1, 1.2088538809269775, 2.6309478329928377,0,4
8, parent4agent3, 1.210047774703924, 0.5591436611884602,3,2
8, parent4agent4, 1.2108357341421339, 0.5609092066412434,2,4
8, parent2agent0, 1.209779704356712, 2.6238504736365367,3,4
8, parent1agent4, 1.2109782713883788, 0.5596316035773435,0,2
8, parent0agent4, 1.2085174432553578, 0.5602773955242414,1,1
8, parent3agent0, 1.2104865059748477, 2.6295747197898844,2,2
8, parent0agent0, 1.2113845977441293, 2.6288000993914955,1,3
8, parent3agent3, 1.208160783926433, 0.559469584894073,4,4
8, parent2agent2, 1.210823259145726, 0.5603525656051523,0,0
8, parent1agent1, 1.2072062659232803, 2.628270531913981,1,0
8, parent4agent1, 1.2110740411572616, 2.6329252767204165,1,2
8, parent2agent3, 1.2104784235248116, 0.561459484423292,1,1
8, parent3agent1, 1.2103962486218176, 2.623371444611238,4,1
8, parent0agent2, 1.2072645682340553, 0.5598237269621568,3,2
8, parent1agent3, 1.206582773284565, 0.5625555647211795,4,3
8, parent3agent4, 1.2065796779282545, 0.5594460303122312,1,4
8, parent1agent2, 1.212556335888575, 0.5626391494697267,0,1
8, parent4agent2, 1.2063053164051705, 0.5595698803897463,2,2
8, parent1agent0, 1.208320588903023, 2.638317141523693,0,0
8, parent2agent1, 1.2075714482201443, 2.627313287951323,3,2
8, parent2agent4, 1.2111723311196112, 0.5608506942876347,4,1
9, parent1agent1, 0.899811938037036, 1.9609087430399343,1,0
9, parent1agent3, 0.8933108219753229, 0.7915409781852966,3,4
9, parent0agent1, 0.8955134314981432, 1.969756485586292,4,2
9, parent4agent3, 0.8977405420641177, 0.7932473199627681,1,1
9, parent4agent4, 0.8978920346157306, 0.7928347277621101,1,3
9, parent3agent0, 0.9000719061310382, 1.967639848924518,3,2
9, parent1agent0, 0.8957391760966743, 1.972553530923423,3,1
9, parent1agent2, 0.8954345323534609, 0.7916701598693541,1,3
9, parent2agent1, 0.8996545565417845, 1.9700322766171119,0,1
9, parent4agent0, 0.8960854886997359, 1.9710172589463637,1,3
9, parent0agent0, 0.8958383586279767, 1.9700715499739754,3,2
9, parent2agent4, 0.8983511578327652, 0.7916020824721436,1,3
9, parent0agent2, 0.8981800073625263, 0.7921923454013018,2,0
9, parent0agent3, 0.8973404093560099, 0.791066947579721,0,2
9, parent4agent2, 0.8974516950969577, 0.7961336247884433,4,2
9, parent3agent1, 0.8977445020091788, 1.9710042488277886,4,2
9, parent3agent3, 0.8968440369641822, 0.7917849655471179,3,2
9, parent0agent4, 0.8984064191922881, 0.7929405580027394,4,3
9, parent2agent3, 0.8986478018576145, 0.7932943784531645,3,2
9, parent3agent4, 0.8974222627606296, 0.7939021724414014,2,0
9, parent2agent2, 0.8988859859861228, 0.7904432106638638,1,0
9, parent4agent1, 0.8979105393094067, 1.9732598900485725,3,4
9, parent3agent2, 0.900637365670267, 0.7957699683937322,4,0
9, parent2agent0, 0.9001019296864962, 1.9670926290123876,4,2
9, parent1agent4, 0.8947805459878498, 0.792160432381997,1,1
10, parent2agent4, 0.9481273169265203, 0.9651958396399543,3,2
10, parent4agent1, 0.9495739580617184, 2.6652047497145515,4,2
10, parent0agent3, 0.9519445654432888, 0.9649514536084683,4,3
10, parent3agent2, 0.9509075142548039, 0.9593357712304897,2,4
10, parent1agent3, 0.9518160314075642, 0.9611957772027457,4,1
10, parent2agent2, 0.950558400749731, 0.9583648371657854,3,0
10, parent0agent1, 0.9492841865108035, 2.6661868148168093,4,3
10, parent2agent3, 0.948074119540081, 0.9631348011465285,3,3
10, parent4agent2, 0.9515929787127438, 0.9616504619730348,2,1
10, parent4agent3, 0.9523218642237954, 0.9606285927689049,1,0
10, parent1agent2, 0.9487990783701853, 0.9601473967215243,4,2
10, parent2agent1, 0.9502380103472446, 2.667777961029532,3,0
10, parent0agent0, 0.950205613701077, 2.6528801144302236,0,1
10, parent1agent0, 0.9488872298740862, 2.674000850681065,0,4
10, parent4agent4, 0.9485045537572576, 0.9609137293914517,1,2
10, parent0agent2, 0.9539499857084885, 0.964842091223751,2,3
10, parent3agent0, 0.9509685542765697, 2.6732932275426404,4,0
10, parent3agent3, 0.9517060560317466, 0.9587324791628266,4,3
10, parent3agent1, 0.9493954957386997, 2.6755083043679235,1,4
10, parent3agent4, 0.9505688974389528, 0.9617687038174663,1,3
10, parent1agent4, 0.9486189987100117, 0.9662464799582633,4,4
10, parent0agent4, 0.948625093712785, 0.9604678180356506,0,2
10, parent2agent0, 0.9488684937408595, 2.6648148468047386,1,2
10, parent4agent0, 0.950233027773365, 2.6729726909048814,0,4
10, parent1agent1, 0.9473266970644889, 2.6690544758318597,1,1
11, parent1agent4, 1.0569195273438308, 1.0263533777675609,2,1
11, parent2agent3, 1.0542331189156386, 1.024040384226217,2,0
11, parent0agent4, 1.0545532742737602, 1.027547039101193,2,4
11, parent4agent1, 1.0570370397475761, 3.006582396940617,2,0
11, parent1agent1, 1.0553480333929806, 2.9982545898286133,0,0
11, parent3agent3, 1.0509161916497054, 1.0324231457921451,1,0
11, parent2agent4, 1.0549875903702108, 1.0250695003260524,3,0
11, parent0agent3, 1.0592141852797814, 1.029781715150353,4,2
11, parent1agent3, 1.0556345751543295, 1.0284087403097353,1,4
11, parent2agent2, 1.0542987118790423, 1.0278442076066021,3,4
11, parent3agent2, 1.0563099287076418, 1.028717578284482,3,1
11, parent1agent2, 1.0563665356188596, 1.0280382329114852,3,0
11, parent0agent1, 1.05757939971989, 2.994779569081258,2,0
11, parent2agent0, 1.0578112426374142, 3.00405938564624,0,3
11, parent3agent1, 1.0531138974937626, 3.0049477699215847,4,1
11, parent3agent4, 1.0590128271645025, 1.025932680219259,0,3
11, parent2agent1, 1.0558581096370374, 3.0011012143552156,4,1
11, parent4agent4, 1.0549020894026597, 1.0279279103520007,1,4
11, parent4agent2, 1.0597626880907296, 1.0283492919747568,4,2
11, parent3agent0, 1.0559074987589072, 3.00700315489402,3,0
11, parent0agent2, 1.057962560991122, 1.0274719764937965,2,1
11, parent4agent0, 1.0586881953226779, 3.000544978540531,4,4
11, parent0agent0, 1.0561267972037092, 2.9931458030047535,4,4
11, parent4agent3, 1.0565477461412645, 1.0293626312232886,1,1
11, parent1agent0, 1.0563993531139215, 3.0057922788640954,4,4
12, parent1agent3, 1.1601287747176754, 1.0625597224062457,0,2
12, parent3agent0, 1.1627775960183477, 2.3815194478240516,2,3
12, parent4agent0, 1.1621334192650707, 2.3778389706880048,1,3
12, parent2agent0, 1.1632080783672483, 2.3845892009988865,0,3
12, parent2agent3, 1.1650017092273195, 1.0592826879438222,0,1
12, parent2agent4, 1.1614049930378791, 1.063325122904271,1,4
12, parent1agent2, 1.1605748809666963, 1.0616141082829424,1,3
12, parent2agent1, 1.1618442008652672, 2.383429069025001,0,1
12, parent0agent3, 1.1612325242500234, 1.065075166018327,4,2
12, parent0agent0, 1.1590645988280426, 2.380363642603797,0,4
12, parent4agent1, 1.1599805459140085, 2.377613120327008,1,2
12, parent1agent1, 1.1603658514020956, 2.3784428614277378,0,4
12, parent2agent2, 1.1597388662470351, 1.0597704797854577,3,4
12, parent3agent2, 1.1618203698294591, 1.0564735840024555,0,4
12, parent3agent4, 1.1669293398141383, 1.0613518735179517,3,4
12, parent4agent3, 1.1616253021158247, 1.0594240298421682,2,0
12, parent4agent2, 1.162658630622775, 1.0601913474661206,0,4
12, parent0agent2, 1.1601466649934637, 1.0588137243684947,2,1
12, parent3agent1, 1.1597931211082326, 2.383579856628136,1,4
12, parent3agent3, 1.1656647701303384, 1.0622731157187106,1,0
12, parent1agent0, 1.1606129575357798, 2.38171426081082,1,2
12, parent0agent4, 1.1617806356205307, 1.0636432322459846,0,4
12, parent4agent4, 1.1616900553460405, 1.0582530720850454,3,4
12, parent1agent4, 1.1585665725705463, 1.0608244027490672,0,4
12, parent0agent1, 1.1569477171668638, 2.3756432466749873,0,4
13, parent1agent3, 1.58008728757498, 1.048884907478982,1,0
13, parent4agent2, 1.5774964276976853, 1.0462412697264234,3,3
13, parent1agent4, 1.5761901453708422, 1.0468622268717116,0,2
13, parent0agent2, 1.5767815615104308, 1.0473460360963358,1,1
13, parent2agent3, 1.578126626751178, 1.0460247190235779,1,0
13, parent4agent3, 1.575396593046254, 1.0443174114767015,0,3
13, parent3agent4, 1.575432914021523, 1.042262295032954,3,1
13, parent3agent2, 1.5785316007539332, 1.0454126523092167,1,4
13, parent0agent3, 1.5813292565346457, 1.046855197553202,1,0
13, parent1agent2, 1.579387813765822, 1.0449922306982944,3,3
13, parent4agent0, 1.581330088232536, 2.610951373038834,4,2
13, parent2agent1, 1.5811363808016998, 2.611312846685092,3,1
13, parent4agent1, 1.5792170518695048, 2.6120072841911326,1,3
13, parent1agent0, 1.5801128513045166, 2.607892493907592,2,3
13, parent3agent0, 1.5817109997779306, 2.610722949532495,3,0
13, parent4agent4, 1.5779705895528986, 1.0431609886961075,1,0
13, parent0agent0, 1.5787048652380242, 2.6114179931381565,3,0
13, parent1agent1, 1.580433930132016, 2.6090054743664113,4,4
13, parent2agent4, 1.5808787909664528, 1.0479673864489267,3,3
13, parent3agent3, 1.5722942574116148, 1.0445903604269882,0,1
13, parent0agent4, 1.5797480064825915, 1.0483295754731392,1,1
13, parent2agent0, 1.5731064415261073, 2.6046155468946908,4,4
13, parent2agent2, 1.5761695081507585, 1.0474013887652558,4,0
13, parent0agent1, 1.5752469014736465, 2.609239501069667,3,2
13, parent3agent1, 1.5816641716027278, 2.616642462425472,0,1
14, parent2agent2, 1.4699489570121922, 1.0132496770661845,2,0
14, parent2agent4, 1.4699666080220521, 1.0131936739065712,0,0
14, parent2agent3, 1.4747815852530746, 1.0141789383170086,0,2
14, parent0agent3, 1.4758350477297708, 1.0160683125517105,0,1
14, parent3agent3, 1.474795195260766, 1.0129381275879565,2,4
14, parent1agent0, 1.4767913008226334, 1.7082501053311407,2,2
14, parent1agent2, 1.4764391225337872, 1.0115683459343399,0,1
14, parent2agent1, 1.4728024748987385, 1.7119457175812112,3,3
14, parent3agent2, 1.479450414386803, 1.013192100829584,4,1
14, parent1agent4, 1.471650909014393, 1.0136600162651894,3,3
14, parent4agent4, 1.4719508148885012, 1.0128857105683577,4,3
14, parent4agent2, 1.4735649837201077, 1.0139056916740945,3,4
14, parent4agent0, 1.4757444614663693, 1.7060490041953849,3,0
14, parent3agent4, 1.4724420436989687, 1.0159435806294441,1,3
14, parent3agent1, 1.4739366638368974, 1.7085218527297328,3,3
14, parent0agent2, 1.4696351318861038, 1.0159651467399629,3,4
14, parent1agent3, 1.4705035843982026, 1.017297536272632,1,3
14, parent2agent0, 1.4752111108029988, 1.7159732246747135,4,4
14, parent0agent4, 1.475052630703179, 1.01164252611957,3,2
14, parent4agent3, 1.4763588789740343, 1.014284333409305,2,1
14, parent0agent1, 1.4735079261291366, 1.7108481026398632,1,2
14, parent1agent1, 1.4709021256581492, 1.7036892034880773,3,1
14, parent3agent0, 1.4718903754419077, 1.7145096845463548,1,4
14, parent0agent0, 1.4697555776885318, 1.7081791234923136,0,1
14, parent4agent1, 1.4726862838607664, 1.7123095917897724,4,2
15, parent1agent1, 1.7203889664964869, 2.2508503191353375,0,2
15, parent1agent4, 1.7129342234048306, 0.8182582963436108,2,3
15, parent4agent2, 1.7190375604339607, 0.8195426203704348,4,2
15, parent4agent3, 1.711931103603663, 0.8167907944328271,1,2
15, parent4agent4, 1.7182999570025161, 0.8183917872130109,4,0
15, parent3agent0, 1.7190630982880446, 2.2489511552665427,3,4
15, parent2agent3, 1.7184344913931764, 0.8199811400899244,0,1
15, parent4agent1, 1.712226769694704, 2.247038629304636,4,0
15, parent0agent3, 1.7179676791295548, 0.8140959889569716,1,2
15, parent3agent1, 1.7207941036319239, 2.2472493069260473,0,3
15, parent3agent3, 1.7120434784874337, 0.8199511942852075,0,4
15, parent2agent2, 1.7163599915509264, 0.8188687154421331,0,3
15, parent3agent4, 1.7162658483503577, 0.8178019241312036,1,3
15, parent4agent0, 1.7165956938871951, 2.249984215230964,4,1
15, parent0agent0, 1.7174467696537887, 2.24573100494644,2,1
15, parent0agent1, 1.717484493278754, 2.2537731246364023,2,1
15, parent2agent1, 1.7096728003521549, 2.2450591890235083,1,2
15, parent1agent3, 1.7175112163684645, 0.8195221768794089,3,1
15, parent2agent4, 1.7176132844999026, 0.8176514158842899,0,1
15, parent1agent0, 1.7203193178570824, 2.2553981465588175,0,1
15, parent0agent2, 1.7251383832935112, 0.8182926132406414,1,0
15, parent3agent2, 1.715100434826782, 0.8205082534338803,2,2
15, parent0agent4, 1.7238772772765798, 0.8156329207292239,4,4
15, parent2agent0, 1.717234546614105, 2.2468938699465943,2,4
15, parent1agent2, 1.7262475734821552, 0.8201008941775005,2,4
16, parent3agent0, 3.323134058085763, 3.114470309219512,2,2
16, parent3agent1, 3.3313859358492044, 3.1306376459745153,1,1
16, parent2agent1, 3.310867335336813, 3.1246173720462673,0,4
16, parent1agent4, 3.3310691024215835, 0.7233341396923126,1,2
16, parent1agent2, 3.3273259189384405, 0.7218121300648392,0,0
16, parent3agent4, 3.318058977590433, 0.7218716754457,3,4
16, parent0agent1, 3.3356956436459884, 3.120817312685778,0,1
16, parent1agent1, 3.3236802303896704, 3.1120629960403403,2,3
16, parent1agent0, 3.324662613573276, 3.1198055526486175,0,0
16, parent3agent3, 3.3305730489644394, 0.7219667417860115,1,3
16, parent4agent3, 3.3242731813773023, 0.7205097472329469,3,1
16, parent4agent2, 3.322125010426994, 0.7222608169314803,1,4
16, parent1agent3, 3.325683390393982, 0.7225930888841585,0,4
16, parent4agent1, 3.338905755965417, 3.1134482678169553,2,2
16, parent2agent4, 3.333231679690285, 0.7238493384395087,3,2
16, parent3agent2, 3.326873244702399, 0.7193018241155752,3,1
16, parent4agent4, 3.3351386080647316, 0.7234077028759494,4,3
16, parent2agent0, 3.3256433410588, 3.12585084328028,3,4
16, parent0agent3, 3.3367516121447505, 0.7232674037272704,0,1
16, parent4agent0, 3.328365786950486, 3.1179903038450383,2,2
16, parent2agent2, 3.3279170938137717, 0.7201300717708883,0,2
16, parent2agent3, 3.3356697424209973, 0.7256234585898905,1,3
16, parent0agent4, 3.332203361789697, 0.7235656788420646,4,1
16, parent0agent0, 3.321344378090251, 3.1077673092780778,1,3
16, parent0agent2, 3.335705768601042, 0.7228392588448121,2,3
17, parent1agent1, 3.636622512191658, 3.106771895138207,3,4
17, parent1agent3, 3.6354221976925616, 0.44599465228414786,1,2
17, parent3agent0, 3.6306031323551764, 3.0990971424234544,4,0
17, parent0agent2, 3.6345276083319358, 0.44503193210489,3,1
17, parent4agent0, 3.633134715463453, 3.1011791561207565,1,4
17, parent2agent3, 3.6408175895541435, 0.4452899077618654,1,3
17, parent1agent0, 3.650334772727062, 3.101064680533487,2,3
17, parent0agent4, 3.644721656136708, 0.44532286729859744,1,3
17, parent3agent4, 3.6310842821030054, 0.44366340062178106,3,3
17, parent2agent2, 3.631643428862312, 0.44688519350506734,1,2
17, parent0agent3, 3.6408617105828798, 0.44517568387956785,2,1
17, parent4agent4, 3.6495315434070488, 0.44640715309130374,2,3
17, parent2agent4, 3.6372933085107926, 0.44504969250931264,0,4
17, parent0agent1, 3.6382835719118565, 3.0935661706688915,3,3
17, parent4agent1, 3.64179838730001, 3.0938219972420287,2,0
17, parent1agent4, 3.645350226275576, 0.44325450658757204,0,4
17, parent1agent2, 3.6484229657798886, 0.4449244253520801,2,0
17, parent3agent3, 3.628518416457485, 0.44491188165393447,4,3
17, parent4agent2, 3.647827771174222, 0.4432909341684522,0,2
17, parent4agent3, 3.6576276265533303, 0.44457132076775285,2,2
17, parent2agent0, 3.633864746360858, 3.097067073179142,4,1
17, parent3agent1, 3.649707075805639, 3.100191366155834,4,1
17, parent2agent1, 3.642418843114776, 3.0956766907727644,4,2
17, parent0agent0, 3.64854085780913, 3.101054238594671,1,3
17, parent3agent2, 3.658546068794953, 0.44496040986714736,3,3
18, parent4agent4, 3.6473674965041614, 0.2046320282470585,1,3
18, parent4agent0, 3.6421819118653036, 3.6739482426243497,4,2
18, parent3agent4, 3.638630097113544, 0.20450582970490339,0,4
18, parent2agent3, 3.6398600284859697, 0.2054199824364998,3,2
18, parent0agent1, 3.64747758903688, 3.6677231379692428,2,2
18, parent0agent2, 3.642063738749331, 0.2050506650721261,2,3
18, parent0agent0, 3.656103311659679, 3.685275399749973,0,3
18, parent1agent1, 3.642253242703289, 3.673200916686717,4,2
18, parent4agent2, 3.6448855987808964, 0.2048172783723171,2,3
18, parent3agent0, 3.6471181329259297, 3.681659562863858,1,3
18, parent1agent0, 3.643601384631903, 3.674134185358046,2,0
18, parent1agent3, 3.6509565801782147, 0.2054368558006939,2,4
18, parent3agent3, 3.625877024051468, 0.20444414243846262,4,1
18, parent1agent2, 3.6397583322431526, 0.20483788023474164,1,4
18, parent4agent3, 3.6280887646290174, 0.20429934431057575,0,1
18, parent3agent2, 3.6360550640678087, 0.20564659225941853,1,0
18, parent0agent3, 3.64237331314399, 0.2048622576288152,2,4
18, parent2agent0, 3.636082869780161, 3.6823288379682344,1,1
18, parent2agent1, 3.656184846438685, 3.6982168428971693,3,4
18, parent3agent1, 3.63295139519116, 3.6762394220096866,0,4
18, parent1agent4, 3.6374205709938345, 0.2042452655563687,4,1
18, parent4agent1, 3.639784667999936, 3.6718179935475526,4,1
18, parent2agent2, 3.65322117382344, 0.20488860007664422,2,1
18, parent2agent4, 3.6367782437726848, 0.20528611696161853,1,3
18, parent0agent4, 3.644300929376368, 0.20482344277582681,2,0
19, parent3agent3, 3.0060060642265074, 0.04430500616628539,1,4
19, parent2agent2, 3.0269515537031704, 0.04452141681314446,1,4
19, parent0agent3, 3.012534441034146, 0.044575760293561376,4,4
19, parent4agent4, 3.0136998406268614, 0.04461444939294668,2,1
19, parent3agent2, 3.0202319408408145, 0.04446563012460048,3,0
19, parent0agent1, 3.0247004916657536, 1.9432406029591083,4,1
19, parent1agent3, 3.010113867977357, 0.04464162685601752,0,2
19, parent1agent4, 3.0189227675049435, 0.044646054776225075,3,2
19, parent4agent2, 3.0136708476175564, 0.04467757006936081,1,4
19, parent4agent3, 3.0181574554726933, 0.044524510399716256,1,3
19, parent0agent4, 3.018707418490382, 0.04442949682295371,4,3
19, parent3agent1, 3.019086049939245, 1.9391064394947843,2,4
19, parent1agent2, 3.011809726526734, 0.04463252653357768,0,3
19, parent3agent4, 3.0242111720155624, 0.04450345722558422,0,2
19, parent1agent0, 3.0216262834960705, 1.9407721834634766,1,2
19, parent0agent2, 3.008774427664296, 0.04448881459203263,0,2
19, parent0agent0, 3.0120564617164263, 1.9404869815164152,3,0
19, parent1agent1, 3.0232917507998742, 1.9352468416444526,2,3
19, parent2agent3, 3.0212328223672698, 0.04457491959457133,0,4
19, parent2agent4, 3.010880215742999, 0.044522994050703375,2,4
19, parent2agent1, 3.00388644236146, 1.9331720472262546,2,2
19, parent3agent0, 3.0216277638658338, 1.9390759251361598,3,3
19, parent2agent0, 3.0155687937051834, 1.9356502252873518,0,3
19, parent4agent0, 3.0151217284853997, 1.9379928566592677,4,1
19, parent4agent1, 3.009358357958139, 1.9387196446734778,3,3
20, parent4agent2, 3.105800808906283, 0.004603052052857905,4,1
20, parent1agent2, 3.0960551097839613, 0.004571273820515187,2,2
20, parent1agent1, 3.1098836628104056, 3.86825476690446,1,3
20, parent3agent0, 3.1042321284774466, 3.872487456379827,0,1
20, parent4agent4, 3.1111277599956875, 0.004576050305213984,2,0
20, parent0agent4, 3.0974898263004214, 0.004583793887390489,3,2
20, parent2agent2, 3.1135562602022335, 0.004587628437992032,2,3
20, parent3agent1, 3.0998608433124692, 3.8593056995705424,3,0
20, parent1agent3, 3.1073141042920085, 0.004574845944775586,1,2
20, parent1agent0, 3.1072283041092943, 3.878612926171611,0,4
20, parent4agent3, 3.1057543722544967, 0.004585214455239008,2,2
20, parent3agent3, 3.0960432434259055, 0.004579325456424731,2,1
20, parent2agent4, 3.1036833333094624, 0.004581755016690401,0,3
20, parent2agent1, 3.0908002932681358, 3.8751075111112727,3,3
20, parent3agent2, 3.100229744759942, 0.004574097506622026,1,2
20, parent2agent0, 3.096179096867823, 3.871328713614054,4,3
20, parent0agent2, 3.099815148423141, 0.004593029910742581,3,4
20, parent0agent3, 3.104204213374686, 0.004584857341728199,2,2
20, parent1agent4, 3.1031490466417173, 0.004590780358648994,3,0
20, parent3agent4, 3.1053335671089792, 0.004590646101607971,3,1
20, parent0agent0, 3.0993597754192064, 3.8681828066476855,3,3
20, parent0agent1, 3.1040228126735414, 3.859606401067837,1,1
20, parent2agent3, 3.0965888243476827, 0.004580557516743306,0,0
20, parent4agent0, 3.114876902492857, 3.8593642413326172,4,0
20, parent4agent1, 3.1014288640711207, 3.8554603728498336,4,4
21, parent3agent4, 2.5344598821597195, 0.0,3,0
21, parent3agent2, 2.5306786096742675, 0.0,0,4
21, parent3agent1, 2.5223048800887318, 2.1340102671352073,1,3
21, parent2agent4, 2.5265603160399115, 0.0,4,3
21, parent4agent2, 2.5264859069796075, 0.0,2,0
21, parent0agent0, 2.525458334800225, 2.1353281582435453,1,0
21, parent3agent3, 2.5259713425260224, 0.0,1,3
21, parent4agent3, 2.5354408162134243, 0.0,0,4
21, parent3agent0, 2.5277967718805336, 2.1323730822615636,0,0
21, parent2agent2, 2.530103350949061, 0.0,1,0
21, parent1agent2, 2.5239620713710993, 0.0,0,4
21, parent0agent4, 2.5244574759517846, 0.0,3,0
21, parent2agent3, 2.53637174831096, 0.0,2,3
21, parent2agent0, 2.52857559214576, 2.130668015913646,2,0
21, parent0agent2, 2.5244295503518237, 0.0,0,4
21, parent1agent4, 2.539329971388476, 0.0,2,4
21, parent1agent1, 2.5286161688546613, 2.128252131695344,2,2
21, parent1agent0, 2.5334064802745835, 2.1249383063726297,1,4
21, parent4agent4, 2.528339133702911, 0.0,2,2
21, parent4agent1, 2.5284843562140553, 2.130920080070704,4,2
21, parent1agent3, 2.5317429981749577, 0.0,1,0
21, parent0agent3, 2.531899799872575, 0.0,3,4
21, parent4agent0, 2.531624791954945, 2.1261294091743634,3,3
21, parent0agent1, 2.533024998178483, 2.1278494949825375,1,2
21, parent2agent1, 2.526308560756163, 2.130770739324528,2,2
22, parent3agent4, 1.2151822849064655, 0.0,2,1
22, parent3agent1, 1.2134175903090325, 2.3717853726544162,3,3
22, parent3agent2, 1.215121568954825, 0.0,4,3
22, parent4agent3, 1.2181084472781731, 0.0,4,3
22, parent2agent4, 1.2158267229279924, 0.0,4,3
22, parent0agent0, 1.2132512184930218, 2.365331537449191,2,0
22, parent1agent3, 1.2150402126757676, 0.0,3,0
22, parent2agent3, 1.2154198082708954, 0.0,4,0
22, parent0agent4, 1.2137640176827056, 0.0,3,1
22, parent2agent2, 1.210179868452981, 0.0,4,2
22, parent4agent4, 1.2180138351988206, 0.0,3,3
22, parent0agent3, 1.217963779600284, 0.0,1,2
22, parent4agent2, 1.2168998020701267, 0.0,0,3
22, parent1agent2, 1.2123345221155166, 0.0,2,4
22, parent2agent0, 1.2134632342249994, 2.367141617270494,2,4
22, parent1agent4, 1.2137161376410166, 0.0,0,3
22, parent1agent0, 1.214220309464533, 2.3738132773160268,1,3
22, parent0agent2, 1.2160609838061425, 0.0,3,1
22, parent3agent3, 1.2151452390831181, 0.0,4,3
22, parent2agent1, 1.2131926072223835, 2.3784750180565646,4,0
22, parent3agent0, 1.2149823069292747, 2.3730991379566446,4,0
22, parent4agent0, 1.219361635058168, 2.3711630388447724,2,0
22, parent0agent1, 1.2120104824346236, 2.370484882751921,3,2
22, parent4agent1, 1.215429010268036, 2.36700394970903,3,4
22, parent1agent1, 1.2113635060510743, 2.367274599723812,4,3
23, parent1agent2, 0.5265520125645277, 0.0,3,3
23, parent2agent0, 0.5275604452040746, 2.95636858130796,0,3
23, parent4agent2, 0.5277654901476359, 0.0,4,4
23, parent4agent3, 0.5296190818938514, 0.0,0,1
23, parent3agent0, 0.5272077129899337, 2.9535484674401395,2,3
23, parent4agent0, 0.5276880326353527, 2.9515776055254004,0,3
23, parent0agent0, 0.5281538985866334, 2.9518408812466994,3,1
23, parent2agent3, 0.5280634943944403, 0.0,2,0
23, parent2agent2, 0.5264160861936324, 0.0,4,4
23, parent0agent4, 0.5279688078888092, 0.0,1,0
23, parent4agent4, 0.5285595270754505, 0.0,4,1
23, parent1agent3, 0.5290075805669802, 0.0,3,1
23, parent0agent3, 0.5286752029550806, 0.0,3,4
23, parent2agent4, 0.5265020009203231, 0.0,2,0
23, parent1agent1, 0.5276183266639102, 2.941290633159802,0,3
23, parent0agent1, 0.5281704020026334, 2.948473643607381,3,4
23, parent3agent2, 0.52854478452889, 0.0,4,0
23, parent1agent0, 0.5273968184253097, 2.946679187548012,1,0
23, parent3agent1, 0.528630144105087, 2.946391923634996,3,4
23, parent2agent1, 0.5269021938926917, 2.947860501845912,1,4
23, parent1agent4, 0.5280792514427177, 0.0,0,2
23, parent3agent3, 0.5287579573667552, 0.0,1,2
23, parent3agent4, 0.5276956230345634, 0.0,4,2
23, parent4agent1, 0.5284059902139616, 2.9545146740947446,1,4
23, parent0agent2, 0.528981707818113, 0.0,3,2
